date,hour,R_S_M,G_S_M,B_S_M,R_G_M,G_G_M,B_G_M,PM25
2025-01-29,16:00,134.7280414244186,167.82196705426355,193.56872698643411,27.682797916666665,34.44558125,46.296553125,18.980612
2025-01-29,18:00,107.3467659883721,141.62480256782945,168.28247456395349,48.16931666666667,42.88812395833333,29.879635416666662,16.435827
2025-01-29,20:00,82.94251937984497,106.81683624031008,125.2431128875969,67.931325,80.72725416666667,75.525925,28.719219
2025-01-29,17:00,138.31648498062015,171.61884205426355,192.9394089147287,28.673178125,29.896845833333337,38.26845625,13.286428
2025-01-29,19:00,64.48199249031008,89.94516230620155,113.78747214147286,72.88824166666667,85.58970208333334,75.67375,28.360449
2025-01-29,23:00,76.88694404069767,96.97892562984497,117.81447432170545,69.80805729166667,83.71394895833333,84.56002604166666,26.733086
2025-01-29,22:00,77.70342054263566,99.47487160852714,120.71618217054264,70.01827708333333,83.75932291666666,83.40155520833333,29.418736
2025-01-29,21:00,78.10773255813953,101.141023498062,121.16016109496124,68.31076041666667,80.90196354166666,77.09485625,21.407717
2025-01-30,12:00,138.25798449612404,172.3622008236434,200.6870966569767,44.65168229166667,53.805915625,60.93310833333334,30.990562
2025-01-30,05:00,90.45030281007752,110.48481104651162,129.15688953488373,63.942696875,79.01755208333333,83.25891145833333,26.051764
2025-01-30,06:00,93.9434375,114.22103076550388,133.12147044573643,64.09970416666667,78.504084375,82.2631125,32.4175
2025-01-30,11:00,133.07050145348836,167.19250726744187,195.75031371124032,42.706509375,51.612658333333336,58.42511875,22.967737
2025-01-30,13:00,145.3529554263566,176.72280523255813,200.2425133236434,35.078434375,46.696378125,57.3273375,24.481997
2025-01-30,10:00,140.4146281492248,175.380191375969,204.9659484011628,45.291217708333335,54.13565,60.69435,23.924891
2025-01-30,14:00,164.26944282945738,196.7293011143411,218.6120906007752,35.065809375,47.230776041666665,61.40388229166667,27.99847
2025-01-30,07:00,88.38723837209302,110.40888323643412,131.06027131782946,66.7321,80.63862604166667,80.591828125,27.820152
2025-01-30,08:00,129.75833938953488,166.0031371124031,198.45116157945736,42.61131666666667,50.754420833333334,57.92738020833333,26.367847
2025-01-30,04:00,92.23880813953488,111.14991157945737,128.1765261627907,64.74238333333334,79.45811354166666,83.18812083333333,24.013199
2025-01-30,15:00,171.94743943798449,202.83734132751937,221.79657945736432,35.55335625,45.02070729166667,54.827646875,20.972424
2025-01-30,09:00,136.85434714147286,173.28484738372094,205.17031855620155,47.3104625,55.7689,61.79498125,25.666552
2025-02-03,17:00,135.12911821705427,169.57998425387598,195.72984859496125,31.670470833333333,35.77031041666667,46.589809375,26.622799
2025-02-03,16:00,128.4599878875969,162.41393774224807,188.87435683139535,32.06721770833333,39.542475,52.40394375,28.315659
2025-02-03,15:00,131.37614825581394,168.23330668604652,199.87560562015503,36.90196145833333,45.07867708333333,53.130597916666666,29.760019
2025-02-03,20:00,64.417621124031,86.94643774224807,111.52345324612403,72.92356979166667,88.19096770833333,87.418034375,34.721508
2025-02-03,21:00,62.32602955426356,86.70431322674419,113.87847868217054,74.62486458333333,89.36143020833333,86.20091770833334,41.231602
2025-02-03,14:00,138.53666303294574,174.48242005813952,206.1616097383721,36.69039166666666,47.366725,57.10093645833334,26.348431
2025-02-03,18:00,128.27939680232558,158.7316230620155,179.73671148255815,21.790780208333334,34.44192291666667,45.139046875,35.760368
2025-02-03,19:00,72.68757388565892,94.29874273255814,115.22394864341084,69.09858229166667,85.34171458333333,87.81820625,35.548656
2025-02-03,23:00,70.07882388565892,90.80763444767442,115.7909617248062,72.59684270833333,87.39566458333333,88.274153125,34.699486
2025-02-03,22:00,69.66542272286821,92.32101744186046,119.77161579457363,73.88259791666667,88.78266875,88.28047395833333,48.021748
2025-02-04,07:00,80.42613493217054,112.25264171511628,149.7117938468992,70.257784375,81.70193645833334,72.328084375,45.773438
2025-02-04,06:00,84.55214874031007,103.67267441860466,123.97634205426355,66.32360520833333,81.85257708333333,86.48104479166666,46.251305
2025-02-04,10:00,133.52572311046512,168.41720809108526,197.28020106589148,41.54415625,50.691738541666666,57.213005208333335,31.408522
2025-02-04,08:00,143.80666303294575,178.37463662790697,207.72181928294577,40.68777291666667,50.463114583333336,61.202278125,47.044754
2025-02-04,09:00,138.26507025193797,176.15019016472868,207.3355644379845,44.781784375,51.969647916666666,57.93481979166667,32.931328
2025-02-04,11:00,136.18297965116278,169.63204215116278,197.0518507751938,37.17042395833333,47.235188541666666,54.5769875,25.335278
2025-02-04,13:00,137.14687015503876,168.5716097383721,193.5983418120155,19.73001354166667,27.327376041666668,39.54207708333333,31.802715
2025-02-04,05:00,91.87905644379843,111.3594815891473,131.68476744186046,64.102575,80.13036145833334,86.14028125,48.623432
2025-02-04,12:00,145.22087693798449,177.44691497093024,204.48043120155037,34.15061145833333,44.35893854166667,52.74358333333333,29.8958
2025-02-04,04:00,92.40275920542636,111.10913154069767,131.8126695736434,64.944834375,81.71740833333334,89.55154479166667,48.369362
2025-02-05,18:00,129.69890625,163.31892078488372,192.41630087209305,18.9463625,32.35904791666667,49.36811770833334,47.07317
2025-02-05,16:00,141.3555111434109,173.91852349806203,199.9251453488372,33.74126875,43.565425,56.426840625,50.149879
2025-02-05,19:00,68.13276041666667,88.85214874031007,112.63676235465115,71.1153,85.92948645833333,84.446634375,53.311874
2025-02-05,17:00,134.9689910368217,169.34861312984495,196.6156904069767,29.924376041666665,35.52613958333333,50.652925,47.170921
2025-02-05,20:00,65.74544937015504,88.09218265503876,113.58875968992248,72.31632604166667,87.55498333333334,86.7753625,53.524803
2025-02-05,21:00,64.48236676356589,87.22705789728683,112.46641472868215,73.97459479166666,89.345684375,88.15044791666666,45.418583
2025-02-05,23:00,71.30149951550388,91.42298570736436,113.17688953488371,73.25825,89.20445104166667,92.44560625,51.288532
2025-02-05,22:00,68.93778464147287,90.564097625969,116.03725532945737,74.62735208333334,90.11354895833334,91.70033854166668,52.627319
2025-02-06,04:00,72.18826065891473,90.75656007751938,109.05814437984496,72.93670104166667,90.67030520833332,98.185340625,67.682693
2025-02-06,14:00,149.4425109011628,185.14861434108528,216.1112281976744,38.67862083333333,47.597315625,57.78422916666667,52.187408
2025-02-06,06:00,71.09324733527131,89.22109375,109.2128585271318,73.89358333333334,90.81797083333332,96.13162083333332,63.139137
2025-02-06,11:00,130.67790576550388,166.27020954457365,198.2670796996124,43.11116354166667,54.53451354166667,64.28552708333333,69.243103
2025-02-06,08:00,146.87785368217055,179.45172722868216,205.62444161821705,39.97481875,50.35904166666667,64.29308645833333,75.785034
2025-02-06,10:00,133.8582933624031,169.81522286821706,201.1000641957364,48.527310416666666,60.166305208333334,71.094809375,93.111267
2025-02-06,15:00,145.6188541666667,182.4748667635659,212.04358890503875,38.60554583333333,44.40552916666667,54.087355208333335,44.432262
2025-02-06,09:00,134.9778512596899,172.21785125968992,203.211613372093,49.62902604166667,58.90087604166666,66.86103541666667,87.300331
2025-02-06,13:00,136.8448074127907,174.7532582364341,205.92881419573644,42.56926875,47.2337125,57.079646875,45.92757
2025-02-06,05:00,70.63022407945736,89.60297238372092,109.40562136627906,72.91458333333334,90.510578125,97.74388854166666,70.230759
2025-02-06,07:00,79.58604287790698,115.68364825581396,152.16545421511628,72.764903125,81.581228125,70.3279625,69.793945
2025-02-09,22:00,85.27969597868217,103.65812863372092,117.56017926356589,67.02304270833334,83.857446875,92.10313333333332,24.745649
2025-02-09,19:00,91.8212621124031,111.57402495155038,129.56779554263565,60.782241666666664,76.755421875,81.18379375,23.041698
2025-02-09,23:00,86.62008599806201,105.44683260658914,120.53622940891474,64.58082916666666,81.54452916666666,89.63770520833333,25.744995
2025-02-09,18:00,99.1454566375969,134.93810925387598,169.9569706879845,58.8758875,66.59729479166667,60.904436458333336,19.873711
2025-02-09,17:00,127.8234241763566,162.3224188468992,195.43757873062015,46.74352291666667,60.74134166666666,73.811025,26.31526
2025-02-09,21:00,80.33031128875969,97.01408066860463,113.72388808139534,77.09115729166666,97.2524125,114.56856145833332,24.227987
2025-02-09,20:00,87.99188953488373,107.7017793120155,121.73921875,62.86845208333333,79.29083333333334,86.76310625,26.339893
2025-02-10,14:00,131.57110707364342,164.2646511627907,191.85628997093025,40.985080208333336,50.16870625,56.726391666666665,27.219687
2025-02-10,06:00,85.85960271317829,104.77690043604652,120.30379239341086,68.49957083333334,85.208790625,94.44220833333334,31.384129
2025-02-10,08:00,126.86327640503876,162.91303779069767,196.42094355620156,50.954225,63.91508125,75.23249166666666,31.806828
2025-02-10,12:00,129.56084423449613,163.69350532945737,194.74552083333333,45.506184375,57.515246875,67.240084375,33.349266
2025-02-10,09:00,132.88109617248062,167.35307655038758,199.29016957364345,50.62700520833334,63.924596875,75.25127916666666,32.143406
2025-02-10,11:00,133.6643883236434,168.28403464147286,198.50248183139536,50.119296875,64.02025208333333,75.33248541666667,28.373457
2025-02-10,10:00,123.19929626937984,157.65415455426356,190.05274345930232,52.25211458333333,65.194075,76.47358020833333,33.998997
2025-02-10,16:00,127.14679021317828,162.68345324612403,195.27392441860465,48.029097916666665,57.56583645833334,64.38189479166667,20.974154
2025-02-10,15:00,135.88321826550387,170.0955050872093,198.91350532945737,43.4117375,53.577986458333335,61.29938541666667,19.05378
2025-02-10,04:00,83.23389656007753,100.4191569767442,113.3912742248062,68.83634791666667,86.54887083333334,99.233778125,31.551815
2025-02-10,13:00,129.0097347383721,163.33111070736433,194.0526223352713,45.37725,55.11273958333334,61.99201458333334,26.01395
2025-02-10,05:00,84.19501090116279,100.81272407945735,114.43279190891472,71.47521458333334,89.65351875,103.606325,29.256432
2025-02-10,07:00,87.22614341085271,112.63521923449612,143.06342054263567,69.196246875,83.34038125,82.020353125,35.705147
2025-02-17,23:00,83.82681928294573,105.245,124.69375,67.28640625,81.14448645833333,81.531959375,17.252962
2025-02-17,22:00,83.90088905038759,105.06931686046512,123.85188347868215,67.11150104166667,80.37871041666666,80.52257395833334,21.75771
2025-02-17,19:00,84.3052761627907,106.62531734496125,121.8392781007752,64.95901145833334,77.59768854166667,73.549009375,25.768703
2025-02-17,21:00,84.00814316860465,105.96067950581396,123.53210755813951,66.30051666666667,79.47272916666667,77.93944375,31.082441
2025-02-17,20:00,82.93449733527132,105.30675872093023,121.0274394379845,65.46434166666667,78.6124875,76.10562604166667,28.273441
2025-02-17,18:00,122.32554263565892,159.47557170542635,193.2900545058139,46.235533333333336,53.847152083333334,58.85988125,16.54089
2025-02-18,17:00,128.79413759689922,164.29109375,197.28487403100775,45.229817708333336,56.617902083333334,65.90023854166667,41.370705
2025-02-18,13:00,129.65540092054263,163.48125968992247,192.36774224806203,46.26721666666667,57.211532291666664,64.55822708333334,33.252388
2025-02-18,06:00,87.623402374031,108.63414001937984,129.30350411821706,67.962559375,82.11536666666667,83.330440625,28.503496
2025-02-18,05:00,86.42520227713179,107.64734738372093,129.53991400193797,68.614975,82.96003229166666,85.49065833333333,20.629438
2025-02-18,09:00,129.40812742248062,166.39259811046512,199.9154106104651,56.36409166666667,65.19389583333333,71.29481041666666,30.162401
2025-02-18,08:00,124.8427156007752,164.04975654069767,201.76381540697673,60.741929166666665,68.42187604166666,73.805121875,27.934212
2025-02-18,11:00,135.8252531492248,170.05050024224806,198.60571342054263,50.389629166666666,61.552819791666664,70.42376041666667,26.320278
2025-02-18,10:00,139.2427894864341,172.79820373062014,201.78510053294573,45.36893645833333,56.669694791666664,66.232284375,28.002821
2025-02-18,04:00,85.42384326550388,106.72471899224806,127.92426477713178,67.91420729166667,81.64231770833334,83.82578541666666,24.424858
2025-02-18,15:00,129.07115067829457,163.9211179748062,194.7851090116279,48.651634375,59.01732916666667,66.419075,40.477386
2025-02-18,12:00,131.68899588178294,165.82304869186046,194.74731104651164,48.61855104166667,59.235075,66.86187291666667,33.248135
2025-02-18,14:00,130.66588420542635,165.12640625,194.56506177325585,46.5271125,57.110622916666664,64.257765625,30.824261
2025-02-18,07:00,101.2562027616279,137.52032824612402,175.51405523255815,60.49843020833333,66.85126875,58.099411458333336,21.048597
2025-02-18,16:00,127.77833212209302,163.07830184108528,194.3280293120155,48.88141458333333,60.10390520833333,68.610609375,32.070217
2025-02-20,17:00,141.53729408914728,171.6023098352713,196.71606831395349,26.643603125,36.888665625,49.883265625,36.817863
2025-02-20,12:00,139.42928779069769,171.53270712209303,198.35444161821707,33.54315625,46.691998958333336,58.07287604166667,44.871483
2025-02-20,15:00,172.01798449612403,203.4651235465116,223.74791666666667,36.065160416666664,49.47223541666666,62.297015625,42.035709
2025-02-20,14:00,173.52295421511627,206.0046511627907,227.07606468023255,38.652602083333335,52.285165625,66.86540833333333,44.697117
2025-02-20,13:00,160.3764534883721,192.86231468023257,218.068003875969,36.62917395833333,51.072797916666666,64.99578854166667,49.844761
2025-02-20,16:00,145.43531976744185,176.44965964147286,200.44457122093024,28.717226041666667,38.9658875,50.506360416666666,46.716801
2025-02-20,11:00,138.68389777131782,171.66612281976745,200.2065855135659,40.16006770833334,52.87428645833333,64.05862083333334,52.083092
2025-03-02,23:00,64.82856225775194,89.17590479651163,115.98988856589148,77.65993229166666,90.749146875,84.01421666666667,26.821283
2025-03-02,18:00,145.18806080426356,175.2494937015504,198.2005244670543,20.953810416666663,34.448422916666665,50.45786666666667,10.812473
2025-03-02,20:00,64.61080789728682,90.68015382751938,118.2175617732558,75.026625,86.96274791666667,77.1336625,15.320862
2025-03-02,16:00,134.0621039244186,168.71907945736433,197.17458454457363,32.66744375,36.397894791666666,44.068628125,21.393988
2025-03-02,22:00,64.51144622093024,89.31794089147287,115.76101744186046,75.953128125,88.46574791666667,80.94149791666666,19.885323
2025-03-02,15:00,147.32299660852712,186.74096051356588,215.26045906007752,47.951742708333335,42.317679166666665,50.59045208333333,9.625951
2025-03-02,21:00,64.94150557170542,90.03981589147287,116.2415249515504,74.498184375,87.05761979166667,78.91195520833334,12.110085
2025-03-02,19:00,69.72454093992248,100.91898740310076,136.57705426356588,72.91309270833334,82.09310729166667,67.08184479166667,14.383002
2025-03-02,17:00,136.4330402131783,169.50087936046512,196.82952640503876,29.818173958333333,35.83715625,42.932038541666664,15.446391
2025-03-03,13:00,133.86481710271318,170.04263808139535,202.6520954457364,36.97402708333333,45.448647916666665,52.28321354166667,32.625973
2025-03-03,05:00,66.86968507751938,88.15209665697674,114.22878149224806,77.53951354166666,91.74736458333334,88.90996354166667,37.859303
2025-03-03,06:00,67.0686070736434,90.97691497093024,121.2751199127907,77.96491666666667,91.8995,87.62739479166666,34.262989
2025-03-03,12:00,133.0880135658915,169.47828972868217,203.3861203972868,41.516540625,49.822492708333336,55.827646875,31.214245
2025-03-03,14:00,139.3855753391473,176.58566254844962,209.4401453488372,37.92585625,45.62198541666667,52.49921979166667,28.706848
2025-03-03,08:00,129.97552446705427,171.58533187984497,206.54161700581395,53.699677083333334,58.053052083333334,60.82777395833333,41.997269
2025-03-03,07:00,145.89091085271318,178.39803294573645,207.33370518410857,38.36663229166667,52.31213541666666,65.855803125,32.305332
2025-03-03,04:00,63.79918968023256,86.86992369186046,113.70466933139537,76.800640625,91.588221875,89.25917395833334,31.888865
2025-03-03,10:00,129.23892441860465,168.1643859011628,203.39595203488372,52.384655208333335,59.34914375,64.47913854166667,40.115334
2025-03-03,11:00,131.2916969476744,169.19647286821706,204.3570070251938,46.510283333333334,53.38506875,58.15695625,34.668827
2025-03-03,09:00,128.6161652131783,170.69195130813952,208.2165721899225,56.783684375,62.510041666666666,66.3019875,35.371948
2025-03-06,17:00,141.6004808624031,173.53743580426357,199.0091339631783,28.81836145833333,39.399965625,48.723184375,21.700668
2025-03-06,19:00,71.03751090116279,106.28125363372094,140.1079554263566,70.25751979166667,77.614290625,60.493260416666665,26.255398
2025-03-06,15:00,150.59889171511628,185.6719246608527,214.3646075581395,36.17658645833333,43.069828125,51.711775,30.165613
2025-03-06,21:00,65.73084786821705,89.97446463178295,116.55764171511628,73.97721875,86.81283333333333,79.42451354166667,25.265228
2025-03-06,23:00,64.63929748062016,87.08648861434108,114.13632751937983,75.58280104166667,89.67030104166666,85.65858645833333,42.036182
2025-03-06,20:00,66.11623304263566,90.48507751937984,114.20754239341083,72.673325,84.83506041666666,74.81357708333333,19.461077
2025-03-06,22:00,65.18426598837209,87.80181807170543,112.6067781007752,74.24088020833334,87.86854895833334,82.44934166666667,23.296209
2025-03-06,18:00,144.11448643410853,175.1416121608527,200.32476865310076,21.267589583333333,36.10047083333333,54.238338541666664,22.096312
2025-03-06,16:00,137.7470288275194,170.7256710271318,198.94100169573645,29.781751041666663,38.234548958333335,46.47207708333333,26.193525
2025-03-06,13:00,142.5409387112403,176.1361276647287,204.9436434108527,36.055392708333336,47.77958541666667,57.46683958333333,42.786766
2025-03-06,12:00,136.94571826550387,170.17130692829457,199.8465406976744,39.13243333333333,49.917857291666664,58.43584270833333,39.80011
2025-03-06,14:00,154.16277010658914,189.0839195736434,216.905453003876,36.503598958333335,46.95529166666667,57.288804166666665,35.386581
2025-03-07,04:00,69.75273619186046,90.08972989341083,112.9063820251938,74.78563645833333,89.12071666666667,87.70258229166667,43.098175
2025-03-07,10:00,132.23698643410853,169.52655159883722,202.51669331395348,49.162398958333334,56.36539270833333,61.006005208333335,41.556652
2025-03-07,06:00,69.13294210271317,94.8049394379845,128.71346656976743,76.84041041666667,90.44036354166668,85.09556458333333,46.993347
2025-03-07,07:00,138.7328730620155,174.49463541666665,207.64848837209303,46.890560416666666,56.66246145833333,66.18287395833333,41.457256
2025-03-07,05:00,70.73104045542635,90.52916182170544,114.06720687984496,75.40478020833334,89.56859479166667,87.777909375,46.57053
2025-03-07,09:00,134.54310440891473,173.5319694767442,206.99650678294577,53.606717708333335,59.171515625,61.8031625,45.568634
2025-03-07,11:00,136.63390867248063,171.91377785852714,203.45757873062016,44.07904583333333,52.789034375,59.05874166666667,43.103321
2025-03-07,08:00,134.47285489341084,172.69789970930233,203.52481468023257,52.37885416666666,58.10758645833333,61.48460729166667,43.071033
2025-03-11,21:00,87.49158066860466,109.84933139534884,127.5287984496124,62.12643229166667,76.42303958333333,75.34756875,20.394913
2025-03-11,23:00,84.65000847868217,104.02084665697674,124.5552507267442,67.65823958333333,84.01549166666666,86.290740625,34.028862
2025-03-11,16:00,129.239652374031,165.41952761627908,198.5036785368217,48.71448854166667,57.59011354166667,61.16082291666667,19.879993
2025-03-11,18:00,129.33832122093025,165.18375847868217,199.47634326550389,45.791871875,56.21935416666667,64.33385104166666,21.947315
2025-03-11,19:00,80.19673207364342,106.8518992248062,131.62262960271318,65.75714791666667,77.44493020833333,68.23050520833333,26.476301
2025-03-11,22:00,82.47676962209302,102.43208454457364,122.5339304748062,65.075471875,81.42857604166667,81.59741145833334,22.898483
2025-03-11,17:00,135.99619307170542,171.01484132751938,203.6250823643411,42.57984270833333,52.099503125,57.584509375,21.287151
2025-03-12,15:00,132.68329093992247,168.1336543120155,200.69238735465115,44.04605625,52.872869791666666,55.97342604166667,9.219563
2025-03-12,08:00,133.7688687015504,168.41720930232557,200.68006782945736,32.12167395833333,39.039932291666666,43.25919375,15.284793
2025-03-12,04:00,91.71496971899224,111.96137354651162,129.50098958333334,61.68085625,77.46902291666666,81.2964,25.736008
2025-03-12,14:00,131.31715964147287,166.44672601744185,198.6461785368217,49.718075,57.485763541666664,59.24981145833333,10.74988
2025-03-12,13:00,127.5857570251938,163.47288154069767,196.37038396317828,51.704321875,59.46137395833333,61.71183333333333,8.463468
2025-03-12,06:00,89.6084375,110.18120397286822,133.41644743217054,66.49403958333333,83.16069479166667,83.46261145833333,23.887953
2025-03-12,10:00,145.5337475775194,179.9657715600775,210.35635416666668,35.00320416666667,41.5753375,45.26375625,12.059056
2025-03-12,09:00,141.4639898255814,179.05893531976744,213.14470445736436,45.246,50.00934375,49.60307708333333,11.379191
2025-03-12,11:00,140.0169307170543,174.9957788275194,205.47537790697675,42.772441666666666,51.330423958333334,55.17209166666667,8.73152
2025-03-12,05:00,89.4313578003876,108.17588541666667,127.43832485465116,67.75733333333334,85.45360625,91.50749166666668,21.461851
2025-03-12,07:00,136.83710150193798,172.32030523255813,203.7580922965116,52.173292708333335,61.754890625,67.42553958333333,16.721567
2025-03-12,12:00,132.02154312015503,166.41910368217054,197.58221293604652,47.718351041666665,56.20148020833334,60.338827083333335,6.985216
2025-03-24,18:00,137.82171753875969,172.64898861434108,201.54306807170545,34.96785104166667,42.02653645833333,45.60946875,4.90134
2025-03-24,20:00,50.45746729651163,77.35164970930232,108.601179748062,80.020390625,92.06354479166669,75.48321666666666,3.136857
2025-03-24,15:00,133.51410368217054,167.6956867732558,197.94042756782943,20.988761458333332,26.363540625,34.04577916666667,10.94049
2025-03-24,16:00,135.32493338178296,169.85887839147287,202.29107921511627,34.3232,43.421448958333336,48.13398541666667,7.658343
2025-03-24,17:00,132.23759205426356,167.6625145348837,201.23306322674415,35.385817708333335,42.35962083333333,44.79247395833333,6.126674
2025-03-24,22:00,56.69923207364341,81.27524467054263,115.44487766472868,79.69234166666666,91.97900208333331,80.754584375,4.522963
2025-03-24,19:00,131.81930111434107,167.71685683139535,197.84430595930232,33.161725,36.40959895833333,38.73271770833333,3.921071
2025-03-24,21:00,52.37094718992248,78.71036700581395,112.19828003875968,79.54526145833333,92.17582708333332,77.01526145833333,5.536436
2025-03-24,23:00,56.83858890503876,80.98019500968992,113.38917393410853,79.68249270833333,92.58815729166666,83.30743645833333,6.227459
2025-03-25,07:00,127.5951441375969,172.38472868217053,208.8856359011628,56.89700729166667,56.207598958333335,52.52243645833333,24.680025
2025-03-25,16:00,137.2400024224806,170.99530765503877,201.2107449127907,29.14573645833333,33.18723958333333,37.26850104166667,12.210404
2025-03-25,08:00,120.25324127906975,168.40332364341086,212.32907824612403,63.412315625,63.256827083333334,56.24409895833333,30.056429
2025-03-25,04:00,62.73157824612403,85.38325944767442,113.68814074612403,77.973409375,92.08903229166668,87.66363020833333,21.347309
2025-03-25,13:00,142.10465843023255,175.29488735465117,204.0246245155039,26.555763541666668,37.17138020833333,46.36743020833333,22.677238
2025-03-25,14:00,140.09009326550387,175.9995215600775,208.33480983527133,36.839845833333335,46.671676041666665,51.189252083333336,24.919193
2025-03-25,15:00,140.27660125968993,173.57416061046513,203.8659980620155,21.21289270833333,26.32611875,35.305234375,17.443436
2025-03-25,06:00,110.52347868217056,152.82425750968991,188.28164849806203,62.818616666666664,61.312414583333336,55.29883854166667,26.539787
2025-03-25,12:00,138.87731104651164,171.97271196705427,201.0034314437985,29.026371875,36.58693854166667,43.852691666666665,16.637266
2025-03-25,11:00,130.1655171996124,168.153820251938,204.5600569282946,48.795875,54.87728958333334,56.28423541666667,23.767525
2025-03-25,05:00,63.29422117248062,86.34805232558139,116.1216569767442,78.10454791666666,92.70725208333332,88.761915625,19.721258
2025-03-25,10:00,122.5435343992248,164.61908066860465,204.77223231589147,56.41107708333333,59.861042708333336,57.55241354166667,20.662907
2025-03-25,09:00,119.33030765503877,166.11797359496123,209.56814680232557,62.12600833333333,63.07603854166667,57.513546875,27.192045
2025-03-27,16:00,134.74452156007752,169.53281855620156,200.822585998062,32.74828125,39.998526041666665,42.976932291666664,9.484799
2025-03-27,13:00,133.49994428294573,167.7269597868217,198.54193313953488,40.530570833333336,49.89680729166667,53.69716770833333,26.352533
2025-03-27,23:00,58.01303657945736,82.5972722868217,114.90640867248062,79.82395520833333,92.23068645833334,82.83567604166667,5.046718
2025-03-27,11:00,132.38326065891474,168.2598716085271,200.64676477713175,45.118695833333334,54.45359166666667,59.317563541666665,29.799683
2025-03-27,19:00,124.94723837209304,159.99645954457364,192.2817914244186,39.259409375,45.20156458333334,46.879228125,4.24919
2025-03-27,15:00,134.97450096899226,170.52294331395348,202.8850218023256,37.062052083333334,45.706121875,49.767296875,13.549714
2025-03-27,21:00,59.42859375,85.72469113372092,112.85082848837207,77.16166145833333,89.72458854166666,76.77933125,3.332175
2025-03-27,22:00,59.93369549418605,85.95167877906977,116.17913759689922,78.37760833333333,90.876603125,79.23930625,2.66574
2025-03-27,18:00,140.85786821705426,173.00308502906978,198.7088226744186,27.766091666666668,35.940160416666664,43.717536458333335,5.311488
2025-03-27,10:00,129.05802567829457,168.4868253391473,205.4842768895349,55.9879625,62.893051041666666,65.00473333333333,33.304668
2025-03-27,17:00,136.797066375969,169.94782218992248,198.8793604651163,30.919107291666663,38.531166666666664,43.866761458333336,6.639359
2025-03-27,20:00,64.69241400193799,91.6445918120155,117.21479045542635,73.06122291666667,85.47402083333333,72.144159375,3.399352
2025-03-27,12:00,134.8872238372093,170.03843992248062,201.6163892926357,42.416153125,52.10140520833333,57.0703625,23.172661
2025-03-27,14:00,139.77378875968992,173.32659035852714,202.0611676356589,32.80770833333333,40.5915125,45.653403125,19.356735
2025-03-28,05:00,56.683258236434106,81.6879808624031,115.2225218023256,81.8817,95.19789479166668,86.14943541666666,10.56361
2025-03-28,09:00,129.1153488372093,170.1085695251938,207.96671511627903,54.65910520833334,59.282078125,57.72113229166666,15.163108
2025-03-28,04:00,57.205724321705425,81.52554748062016,112.57601380813954,80.59329375,93.62191145833332,84.86934270833333,14.401361
2025-03-28,07:00,133.08042635658916,173.91522286821706,209.15516351744185,52.766296875,54.83468333333333,52.108976041666665,
2025-03-28,08:00,127.77364583333332,169.75558987403102,208.6740625,57.60416875,60.749365625,57.154471875,17.720764
2025-03-28,06:00,117.08136385658916,161.3140394864341,201.3031686046512,62.9850875,61.77359375,55.703128125,20.445492
2025-04-01,18:00,138.67135416666667,172.21083817829458,201.6052216569767,37.476613541666666,47.3108,51.22295,4.942371
2025-04-01,21:00,62.97287790697674,88.18301719961241,114.27522165697674,76.59908645833333,89.077171875,73.62536875,10.069014
2025-04-01,22:00,64.62970324612404,89.39675993217054,117.98333938953488,77.64825833333333,89.86513541666666,76.8728,8.055211
2025-04-01,20:00,114.91843992248062,152.73203246124032,188.4445070251938,46.68564375,52.46781875,48.60293333333333,3.163118
2025-04-01,23:00,65.79595687984497,90.03656976744186,118.30720324612405,77.4535,89.93230729166666,78.74335416666666,8.083686
2025-04-01,16:00,136.7718144379845,169.33343144379845,197.08460392441864,30.457517708333334,38.30777916666667,42.61204583333333,7.722456
2025-04-01,19:00,127.05005329457364,160.84290576550387,192.51881904069768,36.70868125,47.505116666666666,52.469370833333336,3.953897
2025-04-02,04:00,76.36675993217054,99.05817829457364,122.83244307170544,74.96638645833333,88.68123541666667,81.79865833333334,8.987991
2025-04-02,15:00,140.00803415697675,173.90462088178293,203.8988832364341,34.479838541666666,45.218466666666664,49.214732291666664,13.314403
2025-04-02,11:00,135.19812984496124,170.68750847868216,202.49888565891473,51.838571875,60.401609375,60.40320833333333,6.843807
2025-04-02,09:00,133.45757994186047,168.5761773255814,201.1622819767442,41.85170729166666,50.733955208333334,52.197070833333335,13.966952
2025-04-02,06:00,77.91774103682171,101.27664365310078,126.60949006782946,73.61679895833333,86.49461354166667,79.45612708333333,11.718544
2025-04-02,05:00,81.61137960271317,105.05848958333333,129.3894113372093,74.02989166666667,87.73224583333334,81.62057708333333,7.190393
2025-04-02,10:00,138.94369670542636,175.98455062984496,210.21101501937983,51.86439375,59.489678125,57.735282291666664,9.776866
2025-04-02,08:00,90.88480741279068,137.3094343507752,190.01733527131785,88.28508541666666,94.90667708333334,87.30083229166667,16.953079
2025-04-02,12:00,135.26039970930233,170.06560804263566,201.77680838178296,49.59593125,57.75249375,58.215044791666664,11.783854
2025-04-02,14:00,142.24645712209303,175.2774273255814,205.0602785852713,40.112428125,48.333782291666665,50.25845625,13.559188
2025-04-02,13:00,135.79368217054264,169.90081395348838,200.21682897286823,43.9763375,52.291428125,53.02648541666667,9.427083
2025-04-02,07:00,112.36292756782946,151.56118338178294,190.99716085271317,60.889715625,65.72540208333334,58.8206375,9.374836
2025-04-07,19:00,136.96555595930232,171.7716812015504,202.33226501937983,34.27186041666667,40.924869791666666,41.896507291666666,6.910822
2025-04-07,15:00,133.9549660852713,169.4764534883721,204.4960174418605,41.91399583333333,50.519554166666666,47.573970833333334,9.298804
2025-04-07,10:00,136.0556746608527,171.88593265503877,206.98610101744185,48.184752083333336,57.03313541666667,53.99893229166667,11.47608
2025-04-07,20:00,142.0453706395349,174.05166787790697,204.5360101744186,28.947892708333335,41.487966666666665,48.36903854166667,10.844717
2025-04-07,22:00,67.30859253875968,92.38494549418604,123.72630450581396,74.39341354166666,87.025984375,71.25426770833333,10.611099
2025-04-07,17:00,130.54575096899225,165.82574733527133,200.80217902131784,37.734896875,44.95353020833333,42.767390625,7.566659
2025-04-07,18:00,132.53131540697674,167.07813468992248,201.39830910852712,37.303446875,43.910559375,42.66415,8.638528
2025-04-07,12:00,129.29262596899224,168.71849200581394,211.8833078972868,54.69314479166667,58.807421875,49.918028125,7.344691
2025-04-07,13:00,124.44952519379844,163.61572916666665,204.4049878875969,51.92007395833333,57.132853125,49.21081041666667,12.135127
2025-04-07,21:00,66.46026162790697,93.28830789728684,125.58959786821706,71.872084375,83.85581458333333,66.8318625,8.675774
2025-04-07,09:00,137.38983284883722,172.51624636627906,206.77603924418605,46.793052083333336,54.56092395833333,50.6629,4.433074
2025-04-07,23:00,66.4645191375969,91.77398619186046,123.51403464147286,73.90329166666666,87.22909791666666,72.57545104166667,11.430917
2025-04-07,11:00,126.22002664728682,166.79833575581395,210.65975411821705,56.919298958333336,61.93282083333333,52.310415625,9.180863
2025-04-07,16:00,134.5877543604651,170.20127059108526,205.1420918120155,38.247364583333336,46.83859375,45.282555208333335,6.509163
2025-04-07,14:00,136.43574975775195,172.43504481589147,207.64132388565892,42.13780833333333,50.986410416666665,47.783742708333335,12.792548
2025-04-08,08:00,137.33137354651163,172.02018895348837,205.86206153100775,42.79160104166667,52.7842625,50.92205416666667,5.09238
2025-04-08,07:00,129.66306201550387,165.80400678294575,202.22521802325585,42.404044791666664,50.1886625,49.13870625,4.784867
2025-04-08,04:00,82.63199854651162,105.62974806201552,132.99163880813953,72.62041666666667,86.07390520833333,75.89733125,8.577635
2025-04-08,06:00,82.1006007751938,106.10833938953488,134.23698037790697,72.53704375,85.67933333333333,74.433775,5.981083
2025-04-08,05:00,81.6580414244186,105.01002906976744,132.82458938953488,72.83173020833334,86.368809375,76.85429166666667,7.476354
2025-04-21,21:00,63.03132873062015,116.0565031492248,163.16054869186047,69.99389270833333,73.11949166666666,43.29133854166667,3.126035
2025-04-21,17:00,131.18894016472868,166.77984980620155,204.68363735465115,42.90731145833333,50.28813125,43.13678958333333,3.771225
2025-04-21,22:00,56.73020348837209,82.79357921511628,116.36214874031008,73.84565833333333,87.34856979166666,66.05046145833333,2.500828
2025-04-21,19:00,133.58027374031008,171.99973110465118,210.432378875969,38.899434375,46.182459375,41.67200729166667,2.413584
2025-04-21,20:00,139.25728561046512,173.57083091085272,200.23498667635656,28.17003125,35.33946354166667,38.567592708333336,3.856329
2025-04-21,15:00,132.7732945736434,167.36453125,201.96549903100777,41.28004583333333,51.585286458333336,48.00530104166667,3.524207
2025-04-21,23:00,57.01898861434108,82.65815770348837,116.68142078488373,73.98888958333333,87.45035729166666,67.51192083333333,2.439974
2025-04-21,18:00,126.99718386627907,164.84177325581396,204.29547238372092,41.481658333333336,47.64324583333333,41.107240625,3.01698
2025-04-21,16:00,129.5968495639535,165.43244791666666,202.7266824127907,41.33383229166667,50.921989583333335,45.66075625,4.49335
2025-04-22,10:00,121.5843386627907,165.5135186531008,212.3243507751938,61.80617291666667,65.54368125,51.65530104166667,5.872024
2025-04-22,12:00,131.6863481104651,168.8767284399225,208.20382751937984,48.662478125,56.14106875,49.33815520833333,12.316838
2025-04-22,09:00,115.76543120155038,163.0026586724806,211.03015261627908,66.03988333333334,67.98534895833333,52.716166666666666,7.34003
2025-04-22,13:00,136.2203258236434,171.0662281976744,206.30547117248065,41.913801041666666,51.34003125,47.28330208333333,11.031568
2025-04-22,05:00,63.464203003875966,88.80733890503876,121.34148498062017,74.20055625,88.60608854166667,71.23046979166666,7.833535
2025-04-22,06:00,92.7771644864341,138.24187742248063,176.4350460271318,65.71989791666667,67.09928020833334,47.09241145833333,14.095755
2025-04-22,08:00,111.2975109011628,160.73303415697674,208.2928452034884,63.96664895833333,64.210053125,49.126388541666664,10.120665
2025-04-22,14:00,138.5248570736434,171.42253270348837,203.15939316860465,35.5080375,46.538497916666664,46.77135416666667,7.722097
2025-04-22,04:00,61.416526162790696,85.9168507751938,117.97305595930231,73.53743958333334,87.49619479166667,70.58691041666667,6.749526
2025-04-22,11:00,128.23574733527133,168.7128137112403,212.0498703972868,56.94323645833333,62.841525,52.049430208333334,17.595484
2025-04-22,07:00,125.44715964147288,169.7691921027132,205.90259932170545,50.40734270833333,50.056671875,43.262883333333335,13.255234
2025-04-28,19:00,136.11417514534884,169.41617611434108,200.4862294089147,33.325484375,41.419723958333336,41.705415625,9.525358
2025-04-28,13:00,136.39954093992247,171.73539001937985,208.37050145348837,43.809547916666666,51.43878958333333,47.62308958333333,10.977143
2025-04-28,16:00,136.95818071705426,171.41404554263565,205.8177374031008,38.16294375,47.62399375,46.11676979166667,13.999614
2025-04-28,20:00,144.80780281007753,175.22405765503876,200.8582231104651,26.990119791666668,38.70557604166667,44.536180208333334,10.370833
2025-04-28,22:00,71.0194234496124,96.54661821705426,122.80484859496124,67.36525104166667,79.71185833333334,62.82119791666667,18.211254
2025-04-28,17:00,136.93136506782946,170.16917635658913,200.93359253875968,24.151879166666667,31.6514625,35.56191666666667,11.086069
2025-04-28,11:00,129.16642684108527,168.394410125969,210.612777374031,54.665209375,61.078863541666664,51.70616770833333,5.215884
2025-04-28,14:00,136.3817066375969,170.97099442829457,206.5072080910853,39.44969583333334,48.489459375,46.697028125,8.781713
2025-04-28,21:00,90.84496002906975,131.08427325581394,166.47515746124031,56.56074375,61.18895416666667,42.976108333333336,9.394819
2025-04-28,15:00,138.05403585271318,172.16457485465116,206.60375,36.330702083333335,45.72253645833333,44.58705104166667,11.233363
2025-04-28,23:00,72.05958696705426,96.71682412790696,123.37667514534884,67.0123875,80.10263229166667,63.43494270833333,15.63231
2025-04-28,12:00,133.7780062984496,170.5339171511628,208.82787548449613,47.624604166666664,55.17998125,49.1787625,4.172708
2025-04-28,18:00,139.2385041182171,173.37230135658913,206.6911300872093,33.069546875,42.890684375,44.534071875,7.760248
2025-04-29,04:00,73.57581031976744,96.9934508236434,124.12268774224806,67.21312708333333,80.55457604166666,68.39800208333334,10.452126
2025-04-29,21:00,96.86891351744184,135.95177446705426,169.192777374031,54.920352083333334,59.608009375,42.533964583333336,6.996055
2025-04-29,08:00,115.86444888565892,160.02720445736435,202.67942829457365,62.348595833333334,67.42351875,56.21743229166667,17.450567
2025-04-29,20:00,143.30484738372093,175.23883599806203,200.65645954457364,27.734171875,36.02743958333333,41.043451041666664,8.745069
2025-04-29,22:00,65.60389534883721,91.77135053294572,119.71709544573643,68.89788020833333,81.01059895833333,61.239069791666665,8.415307
2025-04-29,06:00,116.33008963178294,155.94077761627906,195.5740600775194,54.740091666666665,60.200421875,50.702870833333336,19.343023
2025-04-29,17:00,129.3835695251938,164.11503875968992,200.57476138565892,41.430809375,48.75553645833333,44.12422708333333,5.526252
2025-04-29,19:00,134.7707097868217,169.4262984496124,202.52910610465116,35.56092291666667,42.106884375,40.67352291666667,3.536801
2025-04-29,18:00,130.84674903100776,165.87598110465115,201.8451078003876,39.3880125,45.934875,41.46374791666667,4.421001
2025-04-29,10:00,126.38562015503877,165.26846899224807,206.8021499515504,57.26416979166667,66.58172291666666,59.84856979166667,17.206556
2025-04-29,23:00,67.99557897286822,92.83794694767442,120.80140382751938,69.41833229166667,81.84487395833334,63.92217291666667,8.121469
2025-04-29,07:00,125.29908914728682,167.02745518410853,202.9446281492248,55.485365625,58.63799791666667,49.84564270833334,13.540116
2025-04-29,05:00,73.13116884689923,97.64808018410852,127.0714425872093,67.51269270833333,81.23969375,68.90643541666667,11.457086
2025-04-29,09:00,120.78935198643411,162.19354166666668,205.2302034883721,61.863819791666664,69.34905833333333,59.99991979166666,16.687765
2025-04-30,15:00,141.36421875,175.29832364341084,209.64692950581392,37.128626041666664,47.266448958333335,46.784958333333336,12.334691
2025-04-30,12:00,136.14906492248062,171.1593023255814,207.3973558624031,46.40677395833333,56.19044375,53.490977083333334,19.294701
2025-04-30,08:00,118.62154554263566,161.57845203488372,203.38994307170543,62.2468375,67.12333020833333,56.150419791666664,15.538877
2025-04-30,10:00,127.2500242248062,165.5498183139535,206.6201090116279,56.35649895833333,64.63511041666666,57.013709375,20.408527
2025-04-30,11:00,131.26464752906978,168.56980983527131,207.48260053294572,51.706025,60.951935416666664,55.752341666666666,14.285969
2025-04-30,09:00,121.2658648255814,161.32089510658915,203.1277810077519,61.04699895833333,67.9084375,58.965665625,11.897951
2025-04-30,13:00,138.91348110465117,173.17347625968992,208.13962451550387,40.64370208333333,50.747676041666665,49.50536875,25.17284
2025-04-30,16:00,135.60391351744187,168.90047480620154,202.75895954457368,35.591903125,44.88910729166667,44.52322083333333,8.634284
2025-04-30,06:00,120.34559714147288,159.50738250968993,197.57834423449611,54.0400125,60.805303125,54.50075,19.253262
2025-04-30,14:00,136.70917877906976,170.92679384689922,205.3108406007752,37.264115625,47.57505625,47.09698645833333,17.620987
2025-04-30,04:00,74.1859750484496,95.67125242248062,120.32330184108528,67.43418958333334,80.507184375,68.49163229166666,17.371464
2025-04-30,05:00,77.03850532945737,101.28499394379844,129.73372819767442,69.00097291666667,82.43436979166667,70.02973020833333,19.492376
2025-04-30,07:00,125.7607703488372,166.86449733527132,201.84168846899223,55.71655416666667,58.915813541666665,50.59135729166667,22.198395
2025-05-13,21:00,96.98296269379846,127.02826308139537,158.09194040697673,53.429910416666665,62.72130625,50.55096979166667,15.191792
2025-05-13,19:00,140.40347020348838,172.96924660852713,200.65696584302324,24.58404270833333,32.856317708333336,38.282984375,6.920417
2025-05-13,20:00,146.45841933139536,179.615105377907,205.7692659883721,19.514804166666668,29.221523958333332,38.48478958333333,5.92592
2025-05-13,23:00,84.62940043604651,107.2282085755814,128.99885780038758,61.22358645833334,75.13576770833333,64.48403125,12.942487
2025-05-13,18:00,133.40633720930234,166.8641242732558,199.61470324612404,38.314654166666664,47.47009375,46.09424583333333,4.852692
2025-05-13,16:00,141.25171148255814,173.9614898255814,203.92119670542635,30.03751875,40.18869791666667,43.592107291666665,8.665522
2025-05-13,15:00,139.46141715116278,171.94890988372094,200.94795058139536,25.221257291666667,36.58046354166667,43.692602083333334,12.379317
2025-05-13,17:00,136.183785125969,169.05529917635658,202.2394222383721,37.196448958333335,46.48556875,45.72275208333333,6.065865
2025-05-14,18:00,133.98811652131783,166.91705668604652,199.2481044089147,35.22797083333333,45.27388020833333,46.456975,7.664628
2025-05-14,14:00,137.19664123062014,171.11131419573644,203.6209156976744,40.077371875,50.774925,50.85665208333333,11.053142
2025-05-14,22:00,71.05324370155039,97.02686773255816,125.15746850775194,65.54629895833334,77.14522916666667,61.18273645833333,10.371788
2025-05-14,11:00,133.39937742248063,167.95791787790697,201.54126816860463,50.87023645833333,64.52882083333333,63.69032395833333,9.971005
2025-05-14,10:00,136.84747093023256,170.6729578488372,203.29812742248063,48.20699166666667,62.17097604166667,61.43865520833333,14.244294
2025-05-14,05:00,74.73603076550387,104.0870421511628,140.33779312015503,66.54736458333333,79.18151666666667,61.983921875,9.203346
2025-05-14,23:00,77.85463057170543,102.59916182170542,129.58036821705426,68.79515625,80.64018229166666,64.96282291666667,11.491174
2025-05-14,15:00,137.73121850775195,170.70150799418604,201.03665576550387,30.926036458333332,40.728403125,42.533798958333335,10.694357
2025-05-14,09:00,133.2491824127907,167.3879445251938,200.6868531976744,47.2017,59.689484375,56.723876041666664,11.463648
2025-05-14,06:00,143.58851501937986,177.7657582364341,209.86422843992247,29.451823958333332,43.1425125,48.1075,6.442342
2025-05-14,21:00,133.5279348352713,168.8569864341085,201.87458575581397,38.52599375,46.09585833333333,46.693933333333334,5.783193
2025-05-14,13:00,137.19308987403102,170.78071584302324,203.50886506782945,40.40519270833333,52.24491875,52.33543541666667,10.825474
2025-05-14,07:00,138.64501695736433,172.51285731589147,203.3009156976744,26.227742708333334,35.5301625,38.91115625,5.153874
2025-05-14,04:00,77.97825096899224,102.5492054263566,130.06284883720932,66.87912395833334,80.5426125,68.28277604166666,13.147638
2025-05-14,16:00,136.76013565891472,168.4290503875969,197.651839874031,31.032484375,43.56743958333333,48.622313541666664,11.60469
2025-05-14,20:00,141.30595324612403,173.959148498062,201.4658769379845,32.966005208333335,42.977690625,45.90604270833333,7.228991
2025-05-14,12:00,137.3502519379845,171.60531128875968,205.9779203003876,43.494173958333334,56.3167125,56.14302708333334,15.464963
2025-05-14,08:00,131.7675230135659,165.43338662790697,197.279460998062,43.938209375,58.525986458333335,58.266128125,10.862775
2025-05-14,19:00,134.02902010658914,168.22539244186046,200.657152374031,35.909877083333335,45.41283645833333,45.6241,6.131702
2025-05-14,17:00,133.98911337209302,166.43369307170542,197.67647407945736,33.960026041666666,44.730386458333335,46.664713541666664,10.949469
2025-05-15,09:00,114.91749878875969,159.55665576550388,205.88953730620156,64.902140625,69.68257604166666,59.11493229166667,13.088764
2025-05-15,10:00,120.5275484496124,162.3665612887597,207.1957231104651,59.68423333333333,65.13535416666667,55.333740625,15.285888
2025-05-15,05:00,77.29468144379845,110.78118580426356,146.3380305232558,64.829059375,75.86435208333333,61.24801458333334,17.500099
2025-05-15,12:00,130.99083333333334,169.1948171027132,209.02302204457365,48.375911458333334,55.628096875,49.43620833333333,7.490084
2025-05-15,08:00,108.49791666666668,154.76060804263565,201.4226187015504,64.83503229166666,68.01269583333334,56.60713020833333,18.698235
2025-05-15,04:00,81.85865188953488,105.67193071705428,133.72412911821706,65.50791770833334,77.40305416666666,66.7565875,20.888956
2025-05-15,14:00,134.14675750968993,170.2429069767442,207.22140625,41.52763229166667,48.695847916666665,44.99097604166667,8.470335
2025-05-15,11:00,127.46535247093024,167.64841448643412,210.81074006782947,55.11483125,61.38299375,53.303041666666665,10.700121
2025-05-15,13:00,134.80524467054263,171.39994064922482,208.92833454457363,44.164984375,51.1536875,46.21123958333333,10.587918
2025-05-15,07:00,114.4752531492248,161.29712451550387,202.5145300387597,61.66170520833333,62.968384375,52.1462,16.209854
2025-05-15,06:00,140.80228682170542,174.79921753875968,208.16626816860463,40.858073958333335,51.844005208333336,54.15535520833333,23.156933
2025-05-18,23:00,63.3194113372093,87.23069525193799,116.17376574612403,67.16362604166666,79.67915208333334,61.591086458333336,7.661137
2025-05-18,18:00,129.95138444767443,167.19276041666666,205.5378839631783,42.20636666666667,49.291748958333336,43.30898125,3.151382
2025-05-18,14:00,133.55383963178295,170.57447795542635,206.7852313468992,39.02110625,46.45784583333333,42.35866875,5.518377
2025-05-18,22:00,60.95983042635659,88.85467781007752,122.80461845930232,67.32713645833333,79.97582291666667,59.647894791666666,3.976847
2025-05-18,15:00,130.40005450581396,167.1433539244186,204.48286821705423,38.199446875,47.21131458333333,44.44223958333333,4.414701
2025-05-18,19:00,135.24714631782945,170.96888565891473,206.6752507267442,37.144986458333335,45.17299375,42.02455729166667,7.365827
2025-05-18,17:00,127.49636264534884,165.4089789244186,203.88384811046512,43.00561875,49.581978125,43.33141979166667,3.939228
2025-05-18,16:00,128.64535489341085,165.5265855135659,203.01899709302324,38.987914583333335,46.754778125,42.74324166666667,3.531761
2025-05-18,20:00,140.25671996124032,174.0849878875969,204.31864946705423,33.74231458333333,42.40029166666667,43.56290729166667,5.892662
2025-05-18,21:00,124.89262718023257,164.9367550872093,202.37879118217057,51.84843958333333,51.41551770833333,44.150225,4.714129
2025-05-19,09:00,115.86134084302326,158.0607582364341,202.95002906976745,60.67455,65.860946875,53.92925833333334,7.553957
2025-05-19,10:00,131.6191218507752,168.15660973837208,205.87477470930233,52.348166666666664,62.835932291666666,58.501759375,6.043166
2025-05-19,06:00,136.45651283914728,173.13140140503876,208.1884689922481,47.650732291666664,54.123126041666666,50.97173333333333,4.237572
2025-05-19,13:00,141.71341206395348,175.3968483527132,206.47868943798449,33.11739791666667,43.185453125,44.851413541666666,5.562251
2025-05-19,12:00,139.9232315891473,173.39644743217053,204.19443919573644,30.117846875,39.836216666666665,43.16950833333333,6.952814
2025-05-19,04:00,70.23272286821705,93.94087209302326,120.33825339147286,66.65408229166667,79.84629479166666,64.77610416666667,5.664531
2025-05-19,05:00,72.31264898255814,110.63185319767442,149.1817526647287,66.46666770833333,77.41963020833333,60.16178958333333,4.531625
2025-05-19,07:00,111.64893531976745,154.86248909883722,195.0139038275194,62.7552125,67.67834166666667,57.99461770833334,8.496306
2025-05-19,11:00,134.39835876937985,169.14273376937984,204.39251453488373,46.208890625,56.960465625,53.58900729166667,6.391079
2025-05-19,08:00,116.58617248062016,159.6982570251938,203.68983648255815,64.27294791666667,69.15401458333334,58.843491666666665,6.797045
2025-05-20,19:00,115.44554384689924,147.06860101744186,180.82366400193797,45.251561458333335,63.348619791666664,72.06556145833333,21.139626
2025-05-20,23:00,74.42898134689922,97.08307533914729,121.2743859011628,59.56633541666667,72.35283333333334,64.11480520833334,10.297634
2025-05-20,17:00,129.7924878875969,165.8797710755814,201.96789970930232,50.058221875,61.96324270833333,58.432977083333334,9.148935
2025-05-20,18:00,139.73127906976745,174.57064680232557,208.7453112887597,41.99486666666667,55.395607291666664,56.638304166666664,9.904204
2025-05-20,20:00,138.19515503875968,172.3980159883721,206.0948752422481,34.45020625,49.09099583333333,51.739864583333336,15.218086
2025-05-20,22:00,89.18186894379845,112.58722868217056,132.80483527131784,52.36120833333333,64.46080729166667,59.87568854166667,9.431993
2025-05-20,21:00,124.83096656976744,158.95384084302324,191.7624406492248,34.70740625,42.55428125,40.05237708333333,10.65266
2025-05-21,13:00,132.02397165697676,166.76959786821706,201.50047359496125,38.64935833333333,48.4862,47.30254166666667,6.141404
2025-05-21,15:00,138.97210634689924,172.6186421996124,204.22374152131783,35.505746875,45.088289583333335,44.331776041666664,5.985991
2025-05-21,08:00,127.04577156007753,163.57818677325582,200.0953149224806,45.424173958333334,54.10386979166667,50.94914479166667,16.546259
2025-05-21,09:00,122.64988250968992,163.99853924418605,207.449929748062,60.222619791666666,66.34400520833333,56.561871875,21.965136
2025-05-21,11:00,130.3731153100775,165.80165092054264,202.20653100775195,50.7537875,61.798197916666666,58.04360625,12.452715
2025-05-21,10:00,130.26852349806202,164.61489825581396,199.9715297965116,41.62678854166667,53.611225,52.327866666666665,17.789593
2025-05-21,04:00,77.84163154069768,101.4334362887597,126.31082000968992,62.228205208333335,75.49726875,66.73470208333333,9.232408
2025-05-21,12:00,132.99946584302324,167.18820130813953,201.7971378391473,44.08571979166667,54.201914583333334,51.096102083333335,8.7169
2025-05-21,05:00,77.53171269379845,112.0968883236434,153.21117005813954,63.839198958333334,74.49730625,56.66984375,6.462685
2025-05-21,14:00,136.75565528100776,171.87606104651164,206.9500012112403,40.898330208333334,50.096453125,47.60437291666667,7.482489
2025-05-21,07:00,140.12782824612404,175.00669210271317,208.0684544573643,41.49013125,53.07491145833333,54.50187916666667,8.739141
2025-05-21,06:00,144.12742248062017,177.68739825581395,210.09350532945737,35.13761770833333,51.74836666666667,59.23835729166667,10.694458
2025-05-27,21:00,136.2445554748062,170.58226865310078,204.24380450581396,36.45965104166667,44.7859375,44.8443375,2.994712
2025-05-27,20:00,138.0939183624031,171.80206031976743,202.5689825581395,37.70149270833333,47.203972916666665,46.01336875,3.743391
2025-05-27,22:00,67.0870675872093,101.54101501937984,137.19999515503875,65.66801770833334,75.121803125,54.62631354166667,4.997985
2025-05-27,17:00,133.97656128875968,170.131023498062,207.2553694282946,39.29990729166666,46.98594375,42.98212604166667,7.31131
2025-05-27,18:00,132.3824624515504,167.7387136627907,204.28104651162792,37.580585416666665,45.51058020833333,42.595982291666665,5.849048
2025-05-27,19:00,133.87505571705427,168.63134811046513,201.4299672965116,30.440348958333335,38.98104583333333,40.778929166666664,4.679238
2025-05-27,23:00,70.9732800387597,97.00492005813952,122.51761627906976,65.37083333333334,77.14623854166666,59.6205375,4.833619
2025-05-28,09:00,129.08502785852713,165.53732194767443,202.00687863372093,56.659760416666664,67.90278333333333,65.17497708333333,19.79497
2025-05-28,10:00,134.9543144379845,170.3754784399225,206.20064559108528,53.52701875,64.66248645833333,61.40089375,13.856479
2025-05-28,07:00,109.4815152616279,156.0795191375969,199.87372214147288,67.18541041666667,69.29246875,56.719103125,20.331144
2025-05-28,04:00,80.17727834302326,103.07374031007753,126.36452156007752,63.75508645833333,78.54070520833334,70.38291041666666,9.848294
2025-05-28,06:00,130.7837972383721,169.87049781976745,207.714167877907,52.46863020833333,58.98688020833333,56.251921875,10.083835
2025-05-28,12:00,136.96692102713178,171.35065043604652,205.03289123062015,44.59691145833333,55.72885,54.52537604166667,18.913347
2025-05-28,16:00,134.48172238372092,167.91188347868217,199.7145784883721,36.451872916666666,47.497622916666664,48.171901041666665,9.614258
2025-05-28,14:00,142.54038880813954,175.83155644379846,206.70884932170543,38.06089895833333,49.52569166666667,50.9427875,11.313577
2025-05-28,05:00,77.68429263565892,118.82961845930232,160.47690406976744,62.993377083333336,73.79933541666666,56.42656145833333,14.323745
2025-05-28,08:00,122.35743459302326,161.29154433139536,200.33755208333332,59.728822916666665,68.08823125,62.08622916666667,17.466814
2025-05-28,15:00,134.12624152131784,167.60809835271317,199.0215734011628,38.169984375,48.254253125,47.84828125,7.919504
2025-05-28,11:00,133.8168277616279,167.0245433624031,199.39702761627908,42.300944791666666,53.9142875,53.08010208333334,16.04385
2025-05-28,13:00,135.8172601744186,168.68329941860466,199.38547722868216,36.67123333333333,48.440448958333334,50.07558229166667,16.162252
2025-06-08,20:00,139.0078234011628,171.49297601744186,200.72123788759689,36.852329166666664,48.9878625,51.431442708333336,9.530957
2025-06-08,19:00,136.92850532945735,169.68747093023256,199.9421608527132,36.5766125,49.056807291666665,51.023797916666666,10.966787
2025-06-08,22:00,80.25945251937985,113.72037911821704,143.88783187984495,59.981640625,69.222684375,55.4393375,15.951286
2025-06-08,17:00,136.2744355620155,168.4750012112403,198.1920530523256,34.126290625,46.525269791666666,49.13548541666667,13.219346
2025-06-08,23:00,78.06122819767442,102.80453488372092,127.58155523255816,60.470129166666666,72.99371145833334,63.15873645833334,22.202345
2025-06-08,18:00,136.19658551356588,168.47593992248062,198.77464874031008,35.58558645833333,48.246078125,51.077610416666666,10.575477
2025-06-08,21:00,136.21684593023255,170.32325096899226,204.15932049418603,35.90086041666667,49.389691666666664,52.81325833333333,14.830415
2025-06-09,09:00,124.33237281976744,161.9066242732558,198.48559108527132,59.347603125,69.517675,65.71665104166667,25.783001
2025-06-09,04:00,83.52091448643411,104.48090721899224,125.52327398255814,57.70753333333333,72.08888229166666,68.24495729166667,17.962681
2025-06-09,15:00,140.78750605620155,173.12974200581397,201.7938105620155,32.92151770833333,45.208947916666666,47.98638020833334,
2025-06-09,14:00,140.21120639534882,172.67706031976743,201.42215721899225,28.281636458333335,40.28638229166667,44.884827083333334,
2025-06-09,16:00,140.44937257751937,172.36580426356588,201.7233781492248,35.52397083333334,48.262284375,50.926232291666665,
2025-06-09,13:00,137.50737887596898,170.69711967054263,202.009671753876,39.470533333333336,52.342459375,53.447429166666666,17.738245
2025-06-09,05:00,89.41183502906976,125.47038880813952,160.87970566860466,60.333234375,69.455878125,56.731465625,21.623205
2025-06-09,10:00,126.49741400193798,162.8403960755814,199.0277168120155,55.637146875,66.20336041666667,62.833508333333334,23.331339
2025-06-09,08:00,122.93378754844962,160.91370881782944,197.6647480620155,59.966455208333336,68.48870625,63.880377083333336,34.217953
2025-06-09,07:00,126.69585998062016,164.25607194767443,199.0047250484496,56.845107291666665,64.98786770833334,60.13959166666667,21.946671
2025-06-09,06:00,132.56105377906977,169.53872456395348,205.93643774224807,49.654975,59.177428125,58.121748958333335,19.584871
2025-06-09,12:00,138.76434108527133,172.53077519379846,205.3081419573643,45.50667708333334,58.25633125,58.975634375,23.833603
2025-06-09,11:00,132.5847831879845,167.10645227713178,201.28166666666667,49.1355875,60.948908333333335,59.871597916666666,22.629213
2025-06-11,20:00,138.31853318798449,170.58255692829457,199.242933624031,36.47568854166666,48.591809375,51.24283125,
2025-06-11,21:00,136.58789365310076,170.22922359496124,204.24310804263567,36.94543645833333,50.162578125,54.254961458333334,
2025-06-11,22:00,80.10095809108527,114.8321632751938,144.89140140503875,58.085085416666665,67.61661354166667,54.405029166666665,
2025-06-11,23:00,83.4103488372093,107.37240915697674,129.4389777131783,59.971096875,72.554365625,63.97840625,
2025-06-11,19:00,135.90075218023256,168.41901526162792,198.4569173934109,36.72764375,48.87341875,50.87100625,
2025-06-11,18:00,135.03170179263566,167.74492490310078,198.15343023255815,36.141364583333335,48.99042083333333,52.10279166666667,
2025-06-11,17:00,135.3193774224806,167.6837366763566,197.7395784883721,35.55149895833333,49.057594791666666,52.569207291666665,
2025-06-12,10:00,127.91394743217054,164.31362403100775,201.3973316375969,56.118007291666665,66.43573541666666,63.322464583333335,21.395046
2025-06-12,11:00,133.41551235465116,168.35971535852713,203.22554384689923,50.660196875,62.479809375,61.2581125,29.148245
2025-06-12,08:00,120.94631661821704,159.78155644379845,197.5243023255814,61.3373,68.95619166666667,62.802215625,35.748043
2025-06-12,15:00,139.0550109011628,171.42312136627908,200.51238493217053,30.858244791666667,44.951907291666664,50.14935416666667,24.894426
2025-06-12,13:00,139.51468507751937,172.79765019379846,204.84336240310077,41.4425125,54.72519583333333,56.845363541666664,25.9911
2025-06-12,06:00,132.42125605620154,170.1445809108527,206.57785852713175,49.587438541666664,59.339175,58.438045833333334,
2025-06-12,12:00,138.32521317829458,172.66383720930233,206.17435683139536,46.92701666666667,59.81944166666667,60.705909375,28.989016
2025-06-12,04:00,84.64035368217054,106.6369706879845,126.48501816860464,58.9212625,73.42879270833333,68.2016125,
2025-06-12,05:00,92.22146196705428,127.31352470930231,162.7496765988372,62.256058333333335,70.94433541666666,57.72184375,
2025-06-12,07:00,127.1021414728682,165.10537427325582,202.1538372093023,57.493296875,64.47766666666666,58.47643958333333,34.636784
2025-06-12,09:00,125.77680959302326,163.43287669573644,200.52796027131785,58.739040625,68.11629583333334,63.285101041666664,30.048286
2025-06-12,14:00,139.62476138565893,172.56416424418606,203.06505450581395,36.89401458333333,50.79270833333333,54.202133333333336,22.038557
2025-06-18,16:00,137.88200944767442,172.41820130813954,206.18781613372093,40.356998958333335,49.958771875,49.480628125,19.280951
2025-06-18,21:00,142.67981104651162,174.29940770348838,202.1494137596899,31.153942708333332,41.2349,46.115634375,6.526372
2025-06-18,18:00,135.9898328488372,170.85572432170542,204.11805111434109,36.935896875,46.083189583333336,46.333582291666666,13.265821
2025-06-18,19:00,133.31624515503876,167.9363590116279,201.1089886143411,36.692711458333335,45.525371875,45.042630208333335,13.319127
2025-06-18,23:00,68.02644137596899,94.9810477228682,120.22713299418604,66.51000104166667,78.51254375,61.956183333333335,13.259982
2025-06-18,22:00,80.04475532945736,119.68331516472868,155.93179869186048,59.59528541666667,66.08067083333333,49.325578125,14.31258
2025-06-18,20:00,134.82281128875968,170.2023607073643,201.71298328488373,35.59688645833333,42.43934479166667,43.282359375,9.323389
2025-06-18,17:00,133.03154190891473,167.2989813468992,201.5168616763566,40.551063541666664,49.601286458333334,48.042946875,13.496667
2025-06-19,08:00,110.53143168604652,154.1937378875969,197.11563832364345,66.11996041666667,70.37713541666666,61.38493854166666,21.200598
2025-06-19,12:00,134.5802180232558,171.12180717054264,208.56220324612403,49.609660416666664,58.96543333333333,56.204258333333335,23.098682
2025-06-19,05:00,93.93887354651164,131.2089098837209,166.11074127906977,63.08300520833333,68.67433229166667,54.155809375,25.996382
2025-06-19,04:00,74.62065770348838,99.88939559108528,124.29279312015504,64.35168541666667,77.05795625,66.72511458333334,17.543032
2025-06-19,09:00,116.88616884689922,158.42087088178295,201.23847868217055,64.75357395833333,70.932084375,63.1988375,23.098148
2025-06-19,10:00,124.54545179263566,163.31252785852712,204.17065770348836,60.62548541666666,68.1873,62.673346875,29.809742
2025-06-19,07:00,112.59000968992248,157.29398498062017,196.8980983527132,64.02158854166667,66.252115625,56.542809375,24.215328
2025-06-19,14:00,135.11291182170544,170.37451550387595,205.67124515503875,40.53335729166667,49.162616666666665,48.14496458333333,11.907426
2025-06-19,11:00,129.94470809108526,167.41851623062016,205.756164001938,54.512028125,63.620505208333334,59.48349375,20.866819
2025-06-19,13:00,134.3132546027132,169.38484859496123,205.81441497093024,43.51541875,52.30852708333333,50.25033125,17.010609
2025-06-19,06:00,138.53612039728682,174.29410368217054,205.62434229651163,47.18840208333334,51.96172708333334,51.50440208333333,18.197468
2025-06-19,15:00,139.8424176356589,174.93221899224807,210.25176841085272,39.95846354166667,48.64131458333333,48.3564375,8.335198
