Datetime,HS,ES,PM25,QV,QG,Q,PM25_pred
2025-04-30 06:00:00,3.937241180259828,3.786647502420279,19.0,0.743123485113417,0.0008739963427201637,0.025485038908712468,19.975440609614378
2025-02-18 13:00:00,3.701286909182049,3.839543796623443,33.0,0.7142100818065866,0.0037032328982051638,0.05142845779503749,20.791053854469176
2025-03-27 23:00:00,4.128596476311928,5.2215358858328385,5.0,0.6642692207426432,0.32758623967633843,0.46648199981972943,21.004040626516176
2025-05-21 08:00:00,4.6107146906614265,3.9935822189844705,17.0,0.28225970694762237,0.06977135797331034,0.1403340409696957,21.003190344040128
2025-03-03 06:00:00,4.478533574656502,5.271779802129585,34.0,0.3872762936155503,0.2847085922981885,0.33205555015048804,21.004040620930517
2025-03-25 11:00:00,4.81479862557991,3.72334755119709,24.0,0.15343777225676963,0.00010558527128840512,0.0040250178645093665,17.564703662907696
2025-04-21 21:00:00,4.784473439947989,4.9452357487647545,3.0,0.16955363448852132,0.6621609948926115,0.33506984839071613,21.004040621886244
2025-03-06 15:00:00,4.694183535382824,3.504945793470415,30.0,0.22392412451309224,6.890789117089263e-10,1.2421811141087908e-05,16.784956278678784
2025-04-22 13:00:00,4.526997162304182,3.912750879994306,11.0,0.34734810295200735,0.01835869448812152,0.07985522965419663,20.967428917355946
2025-04-29 08:00:00,4.70488511204381,3.3838191361834107,17.0,0.2169885861879932,7.882626378304412e-15,4.1357465508375335e-08,16.782357624641183
2025-02-20 16:00:00,4.5600220718153475,4.019770260288278,47.0,0.32099593741637156,0.09921745646651725,0.17846120151600947,21.003961382295543
2025-02-10 07:00:00,4.330778304645296,5.308080783351961,36.0,0.5127020340616711,0.25686133479037565,0.36289575475447694,21.004040625697996
2025-05-13 16:00:00,4.395940508038258,4.301183721358486,9.0,0.457358274059987,0.8046626229953634,0.6066457849962706,21.004040626517472
2025-05-14 13:00:00,4.483528975410485,4.056840335996626,11.0,0.38310381439384744,0.15414437084646512,0.24300884024788186,21.00403920029172
2025-05-15 13:00:00,4.734103443508139,3.4088412639557513,11.0,0.19871745072825922,1.207449664975571e-13,1.5490039357814304e-07,16.782381462714515
2025-04-28 11:00:00,4.751259214162383,3.2923049953667403,5.0,0.188449965094787,4.486947390436652e-20,9.195461266896473e-11,16.782348961018304
2025-02-05 17:00:00,5.16374826133762,3.9233275971320305,47.0,0.03848983578933734,0.02238461538268698,0.029352685912657064,20.186941594039972
2025-03-25 08:00:00,4.944573914992342,3.7857744021580038,30.0,0.09646753659735631,0.0008514509066715672,0.009062967036252069,18.37455703859869
2025-05-21 11:00:00,4.100599608087455,4.146803501227575,12.0,0.6807356299994728,0.35295599669725136,0.4901731559090066,21.004040626517174
2025-06-11 17:00:00,4.213590944867807,3.7594376299882897,,0.6063122407585739,0.00037257141265515395,0.015029790685486396,
2025-03-02 22:00:00,4.207728063680998,5.248697565578598,20.0,0.6106423786171741,0.3037629549038562,0.4306861192542338,21.00404062650542
2025-05-18 14:00:00,4.933604799033851,4.210017842359481,6.0,0.10055792017406195,0.534325556285135,0.23179876323199364,21.004037760975695
2025-05-28 05:00:00,4.829792106419269,5.140279172536284,14.0,0.1458699306124582,0.4083942394104527,0.24407465940840803,21.004039291834186
2025-03-12 05:00:00,4.120068360604661,5.313777844244735,21.0,0.6694386118332644,0.25271790187141135,0.4113138964516185,21.004040626477224
2025-04-07 12:00:00,4.717495349523818,3.561790935193655,7.0,0.2089827708542522,3.680075275687485e-08,8.769676892938513e-05,16.800730695386395
2025-06-08 19:00:00,4.482369365635708,3.5438181587896764,11.0,0.3840713865970666,1.1323879323296009e-08,6.594829818392701e-05,16.79617769213084
2025-05-28 07:00:00,4.254933263735046,3.7860197874435726,20.0,0.574654073225355,0.0008577347440515048,0.02220136852574869,19.756051277552313
2025-05-18 16:00:00,4.902942399646266,4.217840530389951,4.0,0.11268127039205379,0.5579253111002918,0.25073438702870954,21.00403974473841
2025-03-02 20:00:00,4.196136327940135,5.240573468966557,15.0,0.6190737170873668,0.3107273966375392,0.4385922530520597,21.004040626510104
2025-04-07 10:00:00,4.0308666803981055,3.69669332820335,11.0,0.7148922998461135,3.747759079405125e-05,0.005176141523900871,17.765840110315047
2025-03-12 07:00:00,3.7218443849885916,4.7749137972270566,17.0,0.7223084218399402,0.9270920662761292,0.8183192575591999,21.004040626517472
2025-04-22 08:00:00,4.934836499717585,3.7634479949498014,10.0,0.10009222709672909,0.0004246099617195462,0.006519214424757501,17.988242606013905
2025-04-28 13:00:00,4.603774894980494,3.3041221388206816,11.0,0.28742703935048725,2.6227201847509976e-19,2.745615955933645e-10,16.782348999356355
2025-05-14 11:00:00,3.9384070983393102,4.102740909496452,10.0,0.7429065316634088,0.24458904357288236,0.4262708036490423,21.004040626501606
2025-05-15 11:00:00,4.852764634618744,3.3686022656338857,11.0,0.13478472443289605,1.3421263590437253e-15,1.3449837599682557e-08,16.782351765484265
2025-05-21 13:00:00,4.618178759439375,4.017592468045225,6.0,0.2767531116028649,0.09648394070615546,0.16340817240926123,21.00383838885942
2025-02-18 08:00:00,3.7882964681577147,3.84574545300647,28.0,0.7415117785718749,0.004312895911810432,0.05655142012683608,20.848773916104825
2025-04-07 09:00:00,3.8714952031033385,3.997867554618741,4.0,0.7496158845520082,0.07409131685068196,0.23566931921369624,21.00403837444618
2025-01-29 17:00:00,5.185227131444616,3.5913105836186547,13.0,0.03485602005275362,2.2059610151518417e-07,8.768752555507844e-05,16.800728761087484
2025-02-10 05:00:00,4.152343369777491,5.31692622648772,29.0,0.6492051626307708,0.25045382563611,0.40323183976912025,21.00404062645091
2025-02-20 14:00:00,4.263202106385934,3.9155244253154193,45.0,0.568111750513213,0.019352850537127063,0.1048550513617147,20.996305810886827
2025-03-25 13:00:00,4.406180530223761,4.301105463062354,23.0,0.44860976245553863,0.804445105319626,0.6007344901085322,21.004040626517472
2025-03-03 04:00:00,4.4205097696164914,5.273668809568546,32.0,0.43637654586984886,0.2831964403719489,0.35153987604843306,21.004040624855985
2025-06-18 18:00:00,4.466135952070342,4.0139320573469375,13.0,0.3976775624074522,0.09200865995150591,0.19128455141461645,21.00400495334092
2025-04-30 04:00:00,4.2410434690563505,5.23700780590581,17.0,0.5854954858803535,0.3138272136217396,0.42865419270309013,21.004040626503794
2025-02-18 11:00:00,3.610436398269748,3.8492021111288373,26.0,0.667460099548613,0.0046885177067965906,0.05594102694189557,20.842807775329483
2025-03-27 21:00:00,4.137483116823718,5.239119915294431,3.0,0.6587449647126127,0.31198785632489756,0.45334361074742,21.00404062651453
2025-02-17 19:00:00,4.27759953279663,5.227356414423712,26.0,0.5565769723533187,0.32235093007165855,0.42357184124367864,21.004040626498703
2025-04-22 11:00:00,4.818600736797877,3.9606767079617327,18.0,0.15149369144036115,0.042513154001376896,0.08025256777475188,20.968321725534416
2025-03-06 17:00:00,4.7884085239898,3.838201373557593,22.0,0.16740109111240478,0.0035814761072145533,0.024485567343656228,19.912851015265698
2025-05-14 08:00:00,4.4678149861682375,3.6467926407417464,11.0,0.3962652979023094,4.120238791537881e-06,0.0012777744919027808,17.044249698334813
2025-04-21 23:00:00,4.323192885481673,5.175048769204548,2.0,0.5190590653905535,0.3720234407917127,0.43943388522134286,21.00404062651048
2025-05-15 08:00:00,4.746134021289816,3.434280557545363,19.0,0.19148131240037647,1.5582003552317792e-12,5.462291176809544e-07,16.782463620496873
2025-02-06 07:00:00,4.816081716990328,5.215366070149819,70.0,0.15277980557723864,0.3332143467004195,0.22562895005835729,21.004036419422302
2025-04-08 05:00:00,4.53047250790963,5.215592896670458,7.0,0.3445385200840562,0.33300599591748764,0.3387231805066321,21.004040622828178
2025-06-18 21:00:00,4.707270192561063,3.5615235244714833,7.0,0.2154604874731491,3.617930311008906e-08,8.829048807509566e-05,16.800854937609447
2025-03-27 18:00:00,4.913071301356865,4.063967113827457,5.0,0.10856276095898361,0.16656364209820787,0.1344715912807067,21.002815946040784
2025-02-17 20:00:00,4.2442819158576155,5.2303933950703385,28.0,0.582985135522164,0.31964771361344996,0.43168259825974803,21.004040626506143
2025-06-09 06:00:00,3.674546521731013,3.8358568145522853,20.0,0.7022419922806112,0.003377062459405603,0.048698203966358475,20.752076384697723
2025-02-03 14:00:00,4.63821449660213,3.9241450945770984,26.0,0.26224200475814663,0.02272308712061406,0.07719422206877827,20.96084765301349
2025-03-06 13:00:00,4.563425131305872,3.8465526356564643,43.0,0.3183270913837386,0.004398225839342454,0.03741756858330971,20.501706003618565
2025-06-12 07:00:00,3.8903401026074103,3.695702857152238,35.0,0.7489168779399914,3.5996639337057985e-05,0.005192156656789291,17.768569362713663
2025-02-18 15:00:00,3.6401617572300293,3.9465943659975964,40.0,0.6846017982592808,0.033728102089012134,0.15195499117176214,21.003628104144912
2025-02-04 08:00:00,4.8041892324648146,3.565165049038975,47.0,0.15895255969327823,4.5564562836897646e-08,8.510348931877059e-05,16.800187990991297
2025-03-24 17:00:00,4.986130729207382,4.176636574385922,6.0,0.08210716919913652,0.4357956502787469,0.18916116724551263,21.00399991299581
2025-03-28 09:00:00,4.847267439135447,3.862761315273098,15.0,0.13738146182884342,0.006442877608217303,0.029751167106539123,20.206197590069987
2025-01-30 04:00:00,4.036969825790871,5.246888677102866,24.0,0.7123238327258278,0.30530187244177254,0.46634086237010713,21.00404062651616
2025-04-07 14:00:00,4.581890786011471,4.5226581555636365,13.0,0.30401076300647034,1.1511544847341033,0.5915770053360213,21.004040626517472
2025-04-02 07:00:00,4.000045822973299,4.351434360500242,9.0,0.726544008739667,0.9337817341629493,0.8236707621535605,21.004040626517472
2025-05-19 12:00:00,4.51452639036472,4.399330812201109,7.0,0.3574942933004344,1.0322191447273952,0.607463952572907,21.004040626517472
2025-02-04 11:00:00,4.442355606966281,3.7337465764003825,25.0,0.41778182922657814,0.0001542994629663851,0.008028917230036377,18.222903174190566
2025-06-19 05:00:00,4.224980374144138,4.971150121649747,26.0,0.5977805295202705,0.6239777890218774,0.6107387110134623,21.004040626517472
2025-03-02 19:00:00,4.707264555405578,5.171755625515997,14.0,0.21546409153099746,0.37535167856379614,0.2843849651904673,21.00404051793636
2025-05-20 17:00:00,4.385906791806154,3.9346127004664924,9.0,0.46592863401729195,0.02742932913146172,0.11304914795889738,20.999395259448264
2025-06-08 22:00:00,4.597139998126862,5.114703356291953,16.0,0.29240927804113764,0.4369007311793567,0.35742667413023443,21.004040625365686
2025-05-14 15:00:00,4.322858672432647,3.676785723701607,11.0,0.5193385347411826,1.6232255114404994e-05,0.0029034523565335387,17.359186184499613
2025-04-28 17:00:00,4.786533420495367,3.792694421071117,11.0,0.16842451641320577,0.0010451593210920246,0.013267646861055606,18.919947064276627
2025-04-29 17:00:00,4.688883394965222,3.5349208466418025,6.0,0.2274066635196387,6.1548145090117746e-09,3.741184080042883e-05,16.79019803078344
2025-05-21 15:00:00,4.30408257423284,4.076253024356634,6.0,0.5349442416083433,0.1893907226863953,0.3182977796264526,21.0040406133634
2025-02-04 13:00:00,4.584697694237995,3.615718708651049,32.0,0.30185986453231817,8.546994640482992e-07,0.0005079364767699447,16.887982074006953
2025-06-19 07:00:00,4.544337994314741,3.4928863450621757,24.0,0.3334120355009247,2.6832585563578114e-10,9.4584919360886e-06,16.784334387772823
2025-04-28 15:00:00,4.570164276666957,3.417135070518415,11.0,0.31306944627785493,2.8449563050399386e-13,2.984407638214904e-07,16.78241159853679
2025-03-07 08:00:00,4.808455419386413,3.57534293068874,43.0,0.1567190380921918,8.556724922301351e-08,0.00011580162775378211,16.806608924510343
2025-06-08 20:00:00,4.597314023727731,3.3186252772082567,10.0,0.29227808351635787,2.0944046817451585e-18,7.823992500559816e-10,16.782349105976074
2025-05-14 17:00:00,4.4973987424106,3.802278978431098,11.0,0.37158138711753796,0.0013772283645203925,0.022621945673750206,19.786426916619412
2025-04-07 16:00:00,4.749853208187712,3.9003881907586275,7.0,0.18927849986296183,0.014417629262651131,0.05223932655016665,20.801435273514894
2025-01-30 06:00:00,3.996012383584386,5.244453498394073,32.0,0.7279021383056528,0.30738423350313093,0.4730175904217232,21.00404062651661
2025-05-19 10:00:00,4.586600006104527,4.128276855072438,6.0,0.3004060538449203,0.30508468588634696,0.30273633177343373,21.00404059186771
2025-04-02 05:00:00,4.45832583836077,5.227777667887028,7.0,0.40426033179147414,0.3219748115236574,0.36077921799218304,21.004040625582608
2025-03-07 11:00:00,4.653767653371335,3.668780671390942,43.0,0.2512584537166818,1.1409306949924739e-05,0.0016931287081072958,17.126651197818695
2025-03-11 17:00:00,3.6689577816265295,3.6568672028663123,21.0,0.6995429343919984,6.631865443297852e-06,0.0021538975399720086,17.216503299205264
2025-03-24 15:00:00,4.879166880944161,4.790886773057832,11.0,0.12279804118221908,0.9025934163786969,0.3329214674893631,21.004040621223655
2025-03-25 15:00:00,4.623707075507337,4.033075642643822,17.0,0.27270939596541943,0.1170879247408531,0.17869240955038504,21.0039625144978
2025-06-12 05:00:00,4.3716374571126195,5.118477238651084,,0.4781013966777227,0.4326003366410901,0.45478217329987575,
2025-02-18 17:00:00,3.951001801023032,3.6994507966269943,41.0,0.7403403893176994,4.189975214785421e-05,0.0055695672019877365,17.83234319137267
2025-06-18 23:00:00,4.133118295692308,5.210488056328573,13.0,0.6614755787799943,0.33772173915820225,0.47264646711496544,21.004040626516588
2025-05-19 09:00:00,4.727655520565238,3.85281612472408,8.0,0.20266501226765096,0.005110710412011417,0.032183259442553444,20.314595983288427
2025-04-08 07:00:00,4.465061042865007,3.537295066162578,5.0,0.3985822454044558,7.254832221266956e-09,5.377403943154336e-05,16.793627419760703
2025-02-20 12:00:00,4.497754453850597,4.257487081173766,45.0,0.3712871630015926,0.6778102380300227,0.5016594864363688,21.004040626517327
2025-02-06 05:00:00,4.577099287356618,5.2983536520445025,70.0,0.30769812044533235,0.2640759180472099,0.28505379077991955,21.00404052236362
2025-06-09 04:00:00,4.117561794495498,5.277069724093772,18.0,0.6709328608064022,0.2804917529618553,0.43381002091618426,21.004040626507546
2025-02-03 16:00:00,4.943167964223489,3.9932669411794124,28.0,0.09698467613164331,0.06946095040100758,0.08207708436852433,20.972150294034037
2025-04-21 18:00:00,5.107639014817089,3.811567965823882,3.0,0.049489761648662485,0.00178394988434622,0.009396129765464792,18.421887345683647
2025-02-17 22:00:00,4.1425190158060845,5.260131731666055,22.0,0.655553736196484,0.2941898150155406,0.4391551347580831,21.004040626510356
2025-05-21 12:00:00,4.288698759949754,3.9323267901397747,9.0,0.547571084585267,0.026340921824468733,0.12009798971006999,21.001044793557
2025-02-18 09:00:00,3.732805487616697,3.8944170937541287,30.0,0.726220787934655,0.012778914747260384,0.0963343839794765,20.9908986877324
2025-04-28 12:00:00,4.621075921045458,3.382165239724512,4.0,0.2746302417307648,6.530025628942163e-15,4.2347874999632215e-08,16.78235783257578
2025-04-22 09:00:00,4.91243075617074,3.750672872080762,7.0,0.10881986282661871,0.0002782024524529394,0.005502177088567559,17.821032079324148
2025-05-14 10:00:00,3.963748334753994,3.929936250815538,14.0,0.7373317391514205,0.025239617788290127,0.13641836855554712,21.002955694471712
2025-05-15 10:00:00,4.828912836707358,3.351504688234743,15.0,0.1463064537828698,1.6511974730005892e-16,4.915087453646701e-09,16.782349973627415
2025-04-07 11:00:00,4.808437313166846,3.8265743428217087,9.0,0.1567284720831211,0.0026631546993585065,0.020430177849236713,19.620185204913916
2025-03-12 06:00:00,4.221787082695113,5.284871992487905,24.0,0.6001881408855025,0.27437237312644114,0.4058017305743066,21.00404062646075
2025-05-28 06:00:00,4.145447424077942,3.9532575814651887,10.0,0.6536782133515171,0.03768928460222657,0.15696070916404625,21.003738533481147
2025-05-18 17:00:00,4.889990922354086,3.6369881028395157,4.0,0.11811353115759973,2.552494356997272e-06,0.0005490756976636235,16.896449483293285
2025-03-02 21:00:00,4.1955306596196404,5.251963215870928,12.0,0.6195093609538571,0.30100166905747233,0.4318256032750248,21.004040626506246
2025-04-22 10:00:00,4.864718660165233,3.749553942967947,6.0,0.12925849157823166,0.0002678497819233214,0.005884034226699131,17.884688576750435
2025-02-17 18:00:00,3.9101111592344595,3.681670023968467,17.0,0.7471764228898086,2.003563834943786e-05,0.003869128660596188,17.536706063596416
2025-03-06 16:00:00,4.797606542372628,3.7431143753467966,26.0,0.16244099405251622,0.00021471948079527538,0.00590586538136662,17.88829592800907
2025-05-14 09:00:00,4.3787464746002405,3.6214772020441344,11.0,0.47204007352498606,1.158214735917532e-06,0.0007394077150667513,16.93545260533676
2025-04-21 22:00:00,4.339874473261522,5.1738068125232575,3.0,0.5050461660561026,0.37327579023802393,0.434190634101285,21.00404062650778
2025-05-15 09:00:00,4.834537085730966,3.4078624027428566,13.0,0.14352985150393138,1.0896300504857089e-13,1.2505776239019914e-07,16.78237519733335
2025-03-25 12:00:00,4.389040208605359,4.291671823097244,17.0,0.46325278434009676,0.7779227273343343,0.6003123099179896,21.004040626517472
2025-03-03 05:00:00,4.404264115826599,5.277460932566852,38.0,0.45024689510393834,0.28018209079366524,0.3551775843765729,21.004040625192626
2025-02-18 10:00:00,3.6490417125260133,3.6485143745692037,28.0,0.6893901241294087,4.474495886104588e-06,0.0017563237954142084,17.139071426345318
2025-04-30 05:00:00,4.0861884777565685,5.212819583582808,19.0,0.6886266577101496,0.335560981685009,0.4807038977121826,21.004040626516936
2025-06-18 19:00:00,4.678829238456651,4.103530281630193,13.0,0.23409860337357985,0.2463557313921139,0.24014898011853109,21.004038922426133
2025-03-27 20:00:00,4.169858092720795,5.243813603884723,3.0,0.6374999843264306,0.3079334453282332,0.44306609729286717,21.004040626511895
2025-05-13 15:00:00,4.266422954200157,4.268113249192651,12.0,0.5655466630291653,0.7094689387124694,0.6334333357281415,21.004040626517472
2025-01-29 16:00:00,5.041213208588501,3.850807608845892,19.0,0.06569258158496706,0.004872252142314504,0.01789052322771825,19.40128513935842
2025-02-10 04:00:00,4.096377689870638,5.3170920461402265,32.0,0.6830898688677605,0.25033508560009654,0.4135231079342115,21.004040626482396
2025-02-20 15:00:00,4.316113643274315,3.935129917893127,42.0,0.5249667524868475,0.027680461187185465,0.12054593239415001,21.00112715348409
2025-05-27 17:00:00,4.986561968623683,4.299260459496258,7.0,0.08196733169866717,0.7993046194391492,0.25596262787728535,21.00403998966958
2025-02-20 17:00:00,4.923788866614694,4.045285201356113,37.0,0.10432752718859002,0.13529280977075375,0.11880557347944182,21.0007938859815
2025-02-10 06:00:00,4.146729397118563,5.317690350918643,31.0,0.6528526316380169,0.24990707082724287,0.40392138944912753,21.00404062645371
2025-05-13 17:00:00,4.673055364299116,4.354505523934469,6.0,0.23799188024354306,0.9408845886671736,0.47320491581245566,21.00404062651662
2025-04-21 20:00:00,5.054728839236126,3.6466443645103674,4.0,0.06209228987292568,4.090983902375432e-06,0.0005040025380211573,16.887171686728607
2025-03-06 14:00:00,4.574832927770181,3.53539527877944,35.0,0.30944903384372957,6.361059925289484e-09,4.436692290550357e-05,16.791656017239287
2025-04-22 12:00:00,4.640960886798602,3.8742044245469898,12.0,0.26028436026556545,0.00832731625606754,0.04655609717791627,20.716632139558783
2025-04-29 09:00:00,4.668981278970482,3.53039314625603,17.0,0.24076084770363493,4.482097908866312e-09,3.284986593624611e-05,16.789241503592933
2025-04-01 16:00:00,4.089703365725563,3.5709229591587226,8.0,0.6867400676210695,6.525010885243589e-08,0.00021168340550360574,16.826616509023545
2025-02-18 12:00:00,3.614624759342534,3.864103460325917,33.0,0.6699756703639111,0.006643325568163151,0.0667148147039008,20.921273055543974
2025-04-30 07:00:00,4.43693397217992,3.3722138324953876,22.0,0.4223877447299983,2.0592046995796992e-15,2.9492080784388256e-08,16.782355133525474
2025-03-27 22:00:00,4.127529746408132,5.222243649700064,3.0,0.6649229810193484,0.3269458018553552,0.4662550559526663,21.004040626516158
2025-03-03 07:00:00,4.508761774835505,3.6117749015392255,32.0,0.362216787075384,6.917701549418513e-07,0.0005005704375187153,16.886464579060267
2025-05-21 09:00:00,4.65465905017366,3.8832818124685793,22.0,0.2506365935153953,0.010132244475883475,0.050393563478887016,20.777036444899295
2025-03-25 10:00:00,4.834205318031037,3.615311142004226,21.0,0.1436926129754773,8.363281844519963e-07,0.00034666148059590395,16.85466065304827
2025-03-12 04:00:00,4.155802418521849,5.303052080457547,26.0,0.6469320825871502,0.2605689045124911,0.41057323835549503,21.004040626475327
2025-04-07 13:00:00,4.684736300278903,3.856631631947704,12.0,0.23015338268764507,0.005591099606206668,0.03587214082421099,20.45231903897242
2025-06-08 18:00:00,4.306816083104089,3.557705641262518,11.0,0.5326846953739769,2.832348135451073e-08,0.00012283112405761848,16.808078203573466
2025-03-02 23:00:00,4.209724832064285,5.253539756537839,27.0,0.6091724696356098,0.299676413233862,0.4272641112253793,21.004040626502558
2025-05-18 15:00:00,4.963045378299741,4.507458505310749,4.0,0.08986570816672246,1.1470041237304454,0.32105503866033225,21.00404061543774
2025-05-28 04:00:00,4.312669103692298,5.274352215463928,10.0,0.5278317389895735,0.28265111014945754,0.38625409641519876,21.004040626325985
2025-02-05 16:00:00,4.906167111914648,4.154457880282249,50.0,0.11135777168048674,0.37359397041053466,0.2039671347501426,21.004024426312483
2025-03-25 09:00:00,4.943732556208333,3.6105305108603196,27.0,0.09677675570282548,6.467399784208574e-07,0.00025017872990101684,16.83462910632477
2025-05-21 10:00:00,4.29156391449235,4.265887318450802,18.0,0.545231549061635,0.7028694389709883,0.6190529807683945,21.004040626517472
2025-05-14 12:00:00,4.464759927755953,4.086380421039828,15.0,0.3988357519850372,0.20954367842191185,0.28909083443982453,21.00404054550528
2025-05-15 12:00:00,4.837231656292189,3.7301495992450535,7.0,0.14221268930468575,0.0001355291055199346,0.004390211677703984,17.62958011409998
2025-04-29 10:00:00,4.661575479789926,3.482491759455855,17.0,0.24584009356437578,1.1546863098683302e-10,5.327928213250758e-06,16.783467421006108
2025-05-19 11:00:00,4.460907723722576,4.380614930096587,6.0,0.4020817976863945,0.9969966355399587,0.6331462702292368,21.004040626517472
2025-04-02 04:00:00,4.363330735920524,5.251291727358502,9.0,0.4851728896248421,0.3015676685588183,0.3825081138644101,21.004040626275703
2025-04-07 17:00:00,4.7422679688010305,3.6150617972943566,8.0,0.1937882567297813,8.252721189245228e-07,0.00039991004645304433,16.8656849020176
2025-01-30 07:00:00,4.086061844186162,5.236387886163497,28.0,0.6886941632976598,0.3143688419365313,0.46529988885054946,21.004040626516073
2025-04-28 14:00:00,4.587185382289563,3.378389869033243,9.0,0.29995932887068955,4.233021561364359e-15,3.563333139971636e-08,16.78235642286989
2025-03-07 09:00:00,4.820281480367491,3.591542876082728,46.0,0.15063971890574016,2.2357470461381323e-07,0.00018351901987929948,16.82074691280517
2025-05-14 16:00:00,4.441438219954607,3.978524409248319,12.0,0.4185606976704752,0.05604554479517088,0.15316155630832626,21.00365794844378
2025-06-08 21:00:00,4.084826540528418,3.507567909579513,15.0,0.6893509763651956,8.418205603195103e-10,2.4089620693994967e-05,16.787404252619186
2025-05-21 14:00:00,4.577732212880604,3.9064118971492086,7.0,0.3072099202457069,0.016241228188443556,0.07063615516478847,20.939142282130465
2025-02-04 12:00:00,4.378840687709132,3.845932810111216,30.0,0.47195969776014063,0.004332574928489637,0.04521947317000865,20.69206941882529
2025-06-19 06:00:00,4.285905824450108,3.4487361803604686,18.0,0.5498459713811616,6.084973218608046e-12,1.829152265453561e-06,16.78273295630093
2025-04-21 19:00:00,5.082207916562395,3.912919602880713,2.0,0.05525932713606777,0.018417967005895656,0.03190242097333822,20.302844641286768
2025-06-09 05:00:00,4.531878409945917,5.159450823557446,22.0,0.34340424901355016,0.38800252794049134,0.3650228989019229,21.004040625799615
2025-02-03 17:00:00,5.130052107619749,3.7066970530343526,27.0,0.044821486173765676,5.589521502401015e-05,0.0015828160371244443,17.104896630856178
2025-02-17 23:00:00,4.212333969480797,5.249273495633878,17.0,0.6072442162731597,0.303274389437359,0.4291405584766023,21.004040626504203
2025-06-18 22:00:00,4.527871297876404,5.018530799181408,14.0,0.3466406654233355,0.5573657752511217,0.4395516388517305,21.004040626510534
2025-05-19 08:00:00,4.597851396076857,3.8920780170268485,7.0,0.2918731433323716,0.012180267662185475,0.059624600704673174,20.875640104952023
2025-02-20 13:00:00,4.352419335795042,4.134414399319018,50.0,0.49443783333772395,0.3205985016217051,0.39814071446306104,21.004040626426093
2025-04-08 06:00:00,4.504604179193175,5.208561733925501,6.0,0.3656348206358526,0.3395157999172966,0.3523333628905993,21.00404062493605
2025-02-06 04:00:00,4.5336393544662155,5.304727866403637,68.0,0.34198543170343126,0.25932811789605953,0.2978026835868378,21.004040579413097
2025-03-25 14:00:00,4.503892076392197,4.186476885176265,25.0,0.36622123788386457,0.46434888733090496,0.41237655647274507,21.0040406264798
2025-06-12 04:00:00,4.19143780351536,5.272312098833746,,0.6224401757891938,0.2842817741701286,0.42065234753667874,
2025-02-18 16:00:00,3.889198370250708,4.006042267045979,32.0,0.7489859356600534,0.08286307769162703,0.249125028402477,21.004039651837157
2025-03-07 10:00:00,4.760264583041572,3.7119325002520718,42.0,0.18319826199724487,6.853549998300782e-05,0.003543386019332249,17.477613086758176
2025-03-11 16:00:00,3.6874968710218345,4.061261319965352,20.0,0.7082361378463936,0.16177722046309512,0.3384914678574736,21.004040622774586
2025-06-12 06:00:00,3.6795899326298676,3.7552635249646826,,0.7046199154003874,0.0003245448027577693,0.015122193341668888,
2025-02-18 14:00:00,3.830597998484506,3.7541450289703335,31.0,0.747902039417215,0.0003126570391226347,0.015291724467762505,19.14480045499158
2025-02-04 09:00:00,5.029430153252003,3.6354530595502674,33.0,0.06896496045315469,2.3647562974301284e-06,0.0004038382405538353,16.866497294614167
2025-03-24 16:00:00,4.850545621008414,4.486783793250526,8.0,0.13582871482716694,1.1367873732426057,0.39294830186589946,21.004040626391237
2025-03-25 16:00:00,4.650722351834377,4.067732622800287,12.0,0.2533892301287573,0.1733696421902422,0.20959484765204414,21.00402921355343
2025-03-06 12:00:00,4.648891359057082,3.849561400540736,40.0,0.25467503731050617,0.004729113688556957,0.03470428222970284,20.41189435059946
2025-04-22 14:00:00,4.165077993590568,3.5010425496996382,8.0,0.6407423039613874,5.098597415072332e-10,1.8074531957162876e-05,16.786142385048702
2025-02-17 21:00:00,4.183492892676238,5.273452560602069,31.0,0.6280629556211927,0.2833691903132785,0.4218692821243826,21.004040626496607
2025-06-09 07:00:00,3.873957484309521,3.7644098156453696,22.0,0.7495778954980098,0.00043801823374687915,0.01811984508327102,19.422288597660565
2025-02-03 15:00:00,4.719422697528701,3.9172019667846705,30.0,0.20777518269348355,0.01997493876156252,0.06442279527057794,20.90863955944251
2025-02-06 06:00:00,4.660662707848241,5.300096743432901,63.0,0.24647018364651668,0.2627699714284558,0.2544896129801007,21.004039928521948
2025-02-20 11:00:00,4.611739579675782,4.283310462922307,52.0,0.2815004368924386,0.7539547145990443,0.4606935874925381,21.00404062651561
2025-04-08 04:00:00,4.51655171264586,5.234332072346831,9.0,0.35583985269019597,0.3161707605966515,0.33541937462773325,21.004040621985908
2025-06-18 20:00:00,4.989555895634226,3.740375132570268,9.0,0.08100157221672212,0.0001951560170599187,0.003975920548678867,17.55590548295613
2025-03-27 19:00:00,5.190303528391601,4.0243680707352665,4.0,0.03404046800694848,0.10516407842102757,0.05983171773375063,20.877274787847284
2025-05-14 14:00:00,4.29876149515184,3.98840728796455,11.0,0.539329413916184,0.06480303176756873,0.18694967542949814,21.003993904975697
2025-06-08 23:00:00,4.22421595885257,5.239463620006751,22.0,0.5983579480754447,0.3116894143027994,0.43185858608931255,21.004040626506264
2025-05-15 14:00:00,4.647205643099934,3.41637971781581,8.0,0.25586191454414664,2.633832349340657e-13,2.595953365318045e-07,16.7824034430847
2025-04-28 16:00:00,4.671627873243917,3.5484084502473427,14.0,0.23896003060362134,1.5403183736429818e-08,6.0669145840785254e-05,16.79507195373939
2025-02-04 10:00:00,4.640919738483465,3.922733417135113,31.0,0.26031363409515174,0.02214114701628397,0.0759186567507876,20.957286602447972
2025-06-19 04:00:00,4.330549038560285,5.239606367017412,18.0,0.5128945539314682,0.31156553784829844,0.39975025647911844,21.004040626434804
2025-03-02 18:00:00,5.065562140503517,3.217850111720731,11.0,0.059321870978855745,1.2428131774597522e-25,8.586384743539575e-14,16.782348941730604
2025-04-02 06:00:00,4.509539226821277,5.2343297313811465,12.0,0.3615787358576155,0.3161728174836613,0.3381144298285461,21.004040622685714
2025-05-19 13:00:00,4.298984803733745,4.346984396108348,6.0,0.5391457452988853,0.9233122249229392,0.7055493304154218,21.004040626517472
2025-03-28 08:00:00,4.791980580213854,3.8555501665561236,18.0,0.16546296641800237,0.005451200874602037,0.030032846472688234,20.21954557817431
2025-01-30 05:00:00,4.0155231028413265,5.247087854717797,26.0,0.7209715450058464,0.3051320922528021,0.46903257454293,21.004040626516364
2025-02-09 17:00:00,3.625295811048038,4.891582737624054,26.0,0.6762384066889953,0.7442978264340089,0.7094524481949558,21.004040626517472
2025-04-07 15:00:00,4.610048200017605,4.334282830638017,9.0,0.2827540000407172,0.8923156856493082,0.5023005369461764,21.004040626517334
2025-02-06 13:00:00,4.803497900917371,4.017666135375638,46.0,0.1593165209965534,0.09657553845941635,0.12404063366785521,21.00169662521369
2025-02-10 15:00:00,4.522161992466376,3.9652825437297246,19.0,0.351270243954251,0.045737393882345496,0.12675245759701534,21.002060639568793
2025-02-05 21:00:00,4.59833900391958,5.289577567724304,45.0,0.2915059318025597,0.27073891287896046,0.28093059476317883,21.00404049189144
2025-01-30 09:00:00,3.716246490524771,3.495978368203508,26.0,0.7202006220215408,3.429446505900248e-10,1.571588211567826e-05,16.78564750159337
2025-03-28 04:00:00,4.19339658793446,5.250842753839686,14.0,0.621040385568406,0.3019466232966526,0.43303700460033595,21.00404062650706
2025-04-07 19:00:00,5.03370064759449,3.381527171286403,7.0,0.06776438136021568,6.070956161729388e-15,2.0282864407291723e-08,16.78235320006667
2025-06-09 12:00:00,3.9149632600617887,3.768512048325536,24.0,0.7465924151907732,0.000499551758263221,0.019312212553576957,19.527473215887603
2025-03-07 07:00:00,4.481951763441557,4.238233432502201,41.0,0.38441998278356654,0.619730634224393,0.4880951134143733,21.00404062651713
2025-05-14 18:00:00,4.753221792609544,3.673712888180005,8.0,0.1872973267254652,1.4193451546539947e-05,0.0016304586875092394,17.114303693955485
2025-06-19 08:00:00,4.533268956451223,3.52428267528414,21.0,0.34228369009434956,2.8995778544432484e-09,3.150362213674314e-05,16.788959200293437
2025-05-18 22:00:00,4.35895937114562,5.195552005149487,4.0,0.4888882915819592,0.35184278863397794,0.4147430769050857,21.00404062648496
2025-06-12 13:00:00,3.8881655404699567,3.830385636382007,26.0,0.7490454418008943,0.002938688461956777,0.04691706722826571,20.72293192571642
2025-04-30 14:00:00,4.498003567490074,3.4080279305305416,18.0,0.37108115048768436,1.1087387837415292e-13,2.028378819306499e-07,16.78239152704831
2025-06-11 21:00:00,4.014673277568517,3.6025075016835153,,0.7212922348674857,4.162358299690554e-07,0.0005479303532660905,
2025-03-03 14:00:00,4.777002585837721,3.6068327341723916,29.0,0.17369060935269234,5.28628005451772e-07,0.0003030143897372147,16.845607734258024
2025-01-30 10:00:00,3.884779504412258,3.3293760308429996,24.0,0.7492207688308737,9.191347825802702e-18,2.624185337326592e-09,16.782349492656163
2025-04-21 17:00:00,4.758813526179837,3.8585307162672073,4.0,0.18403804363459855,0.0058441367157366225,0.03279547968695223,20.33955766387664
2025-02-03 19:00:00,4.522524052629619,5.300347720817948,36.0,0.3509760276068907,0.2625824091764176,0.30357887095808594,21.00404059363793
2025-03-06 23:00:00,4.505490123963619,5.2688387111582475,42.0,0.36490564296522415,0.28707701251656637,0.32366034949139716,21.004040617096294
2025-04-02 13:00:00,4.166233375255881,3.685880438819089,9.0,0.6399618373963397,2.395618309743512e-05,0.003915487575262845,17.545051145901283
2025-04-08 08:00:00,4.260757293346279,3.3372299002663164,5.0,0.5700526267603713,2.623154818148706e-17,3.866957841100409e-09,16.782349753574277
2025-04-01 21:00:00,4.3580471933678115,5.221103422917119,10.0,0.4896630032125145,0.32797808853476507,0.40074772091657995,21.00404062643978
2025-03-27 15:00:00,4.832522161505075,4.181485219593428,14.0,0.14452033300249553,0.4498017567921887,0.2549617612049199,21.00403994873545
2025-05-19 06:00:00,4.240037015234903,3.9358952375104375,4.0,0.586273437329593,0.028055387887112593,0.1282502580589705,21.002236865183008
2025-01-29 23:00:00,4.238998441649608,5.27489604130613,27.0,0.5870750984988896,0.28221781739400265,0.4070418319346621,21.004040626464963
2025-02-04 05:00:00,4.026967105620077,5.281833517722592,49.0,0.7164889140497818,0.27674135565458174,0.4452887977320064,21.004040626512616
2025-06-19 11:00:00,4.380297593102203,3.644256776564589,21.0,0.4707166349104013,3.6457421243728537e-06,0.001310004375769748,17.0506915519927
2025-05-13 20:00:00,4.978003947504599,3.8500322124479247,6.0,0.08477708694050398,0.004782763746887394,0.020136255311893596,19.59634825431285
2025-03-11 18:00:00,3.9114702026315005,3.715700988504362,22.0,0.7470190606918152,7.919227042077343e-05,0.007691432601523489,18.171827080470848
2025-05-27 22:00:00,4.514674685059047,5.0811921058461165,5.0,0.357373069734834,0.47651644542144456,0.412667111458368,21.004040626480474
2025-03-24 18:00:00,4.989870482776661,4.137387000118055,5.0,0.08090060926312778,0.32823824355461634,0.16295604894273608,21.00383261699667
2025-02-04 07:00:00,4.636218855094732,5.188525527141602,46.0,0.2636693358235702,0.35865421663274516,0.30751604688191275,21.00404060078389
2025-06-19 13:00:00,4.410950122775694,3.427236421881261,17.0,0.44453601841590923,7.836815655638974e-13,5.902327361827039e-07,16.782472858792453
2025-06-12 08:00:00,4.047068999439758,3.7897582538723946,36.0,0.7078893903266922,0.0009586731452846302,0.026050615123987174,20.009334553329264
2025-01-29 21:00:00,4.205237785020656,5.254472429103077,21.0,0.6124684707900716,0.29889478251991936,0.42785935817404536,21.004040626503098
2025-05-27 20:00:00,4.288536408623122,3.5800229618993384,4.0,0.5477034770497686,1.1352885427199085e-07,0.00024935947591829327,16.834458703440774
2025-03-06 21:00:00,4.417762579465055,5.245994159500928,25.0,0.4387204008771088,0.3060653704137217,0.3664384286650471,21.004040625860156
2025-04-21 15:00:00,4.61833759781311,3.9264055834250184,4.0,0.27663651257865723,0.02368035369151281,0.08093732428150337,20.969809647681167
2025-06-09 09:00:00,4.084223475212067,3.9114258708216725,26.0,0.6896705048464321,0.0178985640195158,0.11110405790683636,20.998797561835413
2025-03-12 15:00:00,3.781154119085678,4.024384242467743,9.0,0.7399767285562067,0.1051854174269484,0.27898881891468746,21.004040474596753
2025-01-30 12:00:00,4.283622575236642,3.4352237199306273,31.0,0.5517014416853511,1.706375287727605e-12,9.702626996311748e-07,16.78255264317258
2025-03-27 17:00:00,4.612504377023115,4.006843568254688,7.0,0.28093450307366874,0.08376111045421976,0.15339943266633976,21.003663572404278
2025-05-19 04:00:00,4.261638819249094,5.221931085638932,6.0,0.569353427279064,0.32722850204076326,0.4316348794297129,21.00404062650611
2025-05-28 15:00:00,4.046059340741904,3.6734365386834718,8.0,0.7083429528175771,1.4022201822935446e-05,0.0031515913193594924,17.405475957392703
2025-04-01 23:00:00,4.387964684577646,5.22193433169259,8.0,0.464171328724027,0.3272255650643047,0.389729040909667,21.00404062636323
2025-02-06 08:00:00,4.8562796406874735,4.018742209622805,76.0,0.13314266209070688,0.09792044571402954,0.11418138559097293,20.999711291765262
2025-04-02 11:00:00,4.1970033829099,3.8674831856652703,7.0,0.6184492024833036,0.007171508805925076,0.0665974016131737,20.920668392353363
2025-04-29 18:00:00,4.796987881383703,3.3638086566628145,4.0,0.1627714772051975,7.545422115634968e-16,1.1082326036977393e-08,16.78235126842914
2025-04-28 18:00:00,4.872504774607555,3.398291593038455,8.0,0.1257473584839771,3.924660963978088e-14,7.025067609392979e-08,16.782363690713012
2025-03-07 05:00:00,4.307845248073032,5.279753634331938,47.0,0.5318328164834168,0.2783733284673307,0.38477015387454866,21.004040626307454
2025-05-20 18:00:00,4.497642702671328,4.034894594212306,10.0,0.3713795899400788,0.11968939511639273,0.2108321571262363,21.00403005948907
2025-03-02 16:00:00,4.788042925494146,3.4023123212237167,21.0,0.16760030762379852,6.050299823603026e-14,1.0069916144894559e-07,16.782370083304617
2025-06-11 23:00:00,4.112166788091773,5.241503830849402,,0.6741095960059854,0.30992292666224336,0.45707988238958575,
2025-05-18 20:00:00,4.407085349969893,3.9122569415436317,6.0,0.4478368551554847,0.01818606027606047,0.0902462633115577,20.984849447239096
2025-06-12 11:00:00,4.010167958617911,3.9364188961006463,29.0,0.7229639499567606,0.028314228398494748,0.14307398926063972,21.003323653667834
2025-04-30 16:00:00,4.628612855615525,3.486445447515524,9.0,0.2691462194216388,1.5966617341524393e-10,6.555421187401514e-06,16.783725074245783
2025-02-05 23:00:00,4.421469111701246,5.293706713235468,51.0,0.43555827084726917,0.2675856517089622,0.34139294626851213,21.004040623393
2025-04-02 08:00:00,4.073257115977533,4.013259441660544,17.0,0.6953510588546978,0.09120245098822666,0.2518287530541481,21.00403980280037
2025-02-06 11:00:00,5.017266339733967,4.137489128196616,69.0,0.0724768876428944,0.3285021448748625,0.15430104680314136,21.00368414857358
2025-06-09 10:00:00,3.986953378494613,4.0635995363503055,23.0,0.7308086832661453,0.16590829797176937,0.34820572192839694,21.00404062447281
2025-02-09 19:00:00,3.957973954544191,5.281225136978247,23.0,0.7387456934792075,0.27721784579031783,0.45254114700564,21.00404062651438
2025-03-28 06:00:00,4.2917999112597665,3.7114563256025592,20.0,0.5450385883562193,6.728640541453572e-05,0.006055880400297121,17.91299110602725
2025-06-12 15:00:00,3.8213559187747017,3.698474455888937,25.0,0.7469039883839929,4.028207638090935e-05,0.005485147537604602,17.818168510446004
2025-04-30 12:00:00,4.551397398725764,3.3778743183675735,19.0,0.32780043420466964,3.988079623698904e-15,3.61565240626266e-08,16.782356532713223
2025-02-18 07:00:00,3.898106075412037,4.87294234360293,21.0,0.7483559196108525,0.7735232207952726,0.7608355152321654,21.004040626517472
2025-03-03 12:00:00,4.890085248903128,3.7452806479783893,31.0,0.11807328866385543,0.00023142420158997587,0.005227333599277502,17.774557510033123
2025-03-25 05:00:00,4.525085148680849,5.266052178343671,20.0,0.34889725016240336,0.28933684496583323,0.3177244554315025,21.00404061288553
2025-02-09 20:00:00,3.995560908969452,5.31752742488139,26.0,0.728051712986776,0.250023559740644,0.4266498341218796,21.00404062650198
2025-04-07 22:00:00,4.187590740070564,5.234584465624614,11.0,0.6251739087766924,0.31594906272675544,0.44443572147074095,21.004040626512353
2025-04-22 07:00:00,5.0695645462609455,3.5732607115529076,13.0,0.058323783298600426,7.534612605881071e-08,6.62908072710169e-05,16.796249424431032
2025-04-29 21:00:00,5.072125073284919,4.813037240941332,7.0,0.05769237397932508,0.8680652879419447,0.2237872812078854,21.004035908448373
2025-04-28 21:00:00,4.829677316653642,4.906603019405237,9.0,0.1459268678683743,0.7209593963870958,0.32435681983741704,21.004040617495967
2025-03-12 08:00:00,4.063010003164429,4.456195211647353,15.0,0.7004324652215038,1.1116259548284761,0.8823938508085364,21.004040626517472
2025-06-09 14:00:00,3.7671022773486182,3.6635260214157497,,0.7365785591027871,9.005151147674503e-06,0.002575461367766346,
2025-05-14 23:00:00,3.989320675085197,5.2024302846463195,11.0,0.7300684452052565,0.34527965411202705,0.5020734809154694,21.004040626517334
2025-05-20 21:00:00,4.372896879185837,4.269232400471648,11.0,0.47702814231974283,0.7127798262556183,0.5831089404234054,21.004040626517472
2025-02-06 15:00:00,4.7510440025229554,3.6485163875492326,44.0,0.1885766353976769,4.474926165526264e-06,0.0009186220767802017,16.97191968371196
2025-02-10 13:00:00,4.12623315245619,4.204918550946075,26.0,0.6657148816231765,0.5190135243488335,0.5878052627552014,21.004040626517472
2025-05-28 08:00:00,4.210055117903523,4.113239853873958,17.0,0.6089288467067062,0.26863889217754383,0.4044526805378337,21.004040626455783
2025-05-18 19:00:00,4.754557891765567,3.8233674450765323,7.0,0.18651520962975227,0.002448915515850525,0.02137194401088524,19.69405657409503
2025-03-06 18:00:00,5.11958832502968,3.879743133594787,22.0,0.04695379536064695,0.009393363606805899,0.021001287402016875,19.66543234060329
2025-02-03 22:00:00,4.526592480639765,5.269968264657102,48.0,0.347675782720892,0.28616536731100123,0.3154247423197234,21.00404061078775
2025-05-15 07:00:00,4.671877850290789,3.478200894810552,16.0,0.23879033171967604,8.08444379976593e-11,4.393730780003691e-06,16.783271323199045
2025-05-14 07:00:00,4.303079984086657,3.864931065894885,5.0,0.535771849963934,0.006769530109053701,0.06022394598425325,20.88031400100682
2025-04-29 05:00:00,4.098671950726141,5.199696509722651,11.0,0.681814851393087,0.34787582599364686,0.48701838220246446,21.00404062651711
2025-06-18 17:00:00,4.4783401324171015,4.143661538089726,13.0,0.387438093194803,0.34462344235257314,0.365404227363765,21.00404062581645
2025-05-21 05:00:00,4.979526434862784,5.10777346457189,6.0,0.08427186992262815,0.44488236745465565,0.193626106196994,21.004009791262508
2025-03-24 21:00:00,4.380882710469732,5.226608107319255,6.0,0.470217330344781,0.3230199838235161,0.3897301559303669,21.00404062636324
2025-04-02 15:00:00,4.328425110091148,4.3793499113953684,13.0,0.5146769633360335,0.9944611417037402,0.7154203244022118,21.004040626517472
2025-03-27 13:00:00,4.034507173700842,3.781676123595207,26.0,0.7133704017186677,0.0007523551472538245,0.02316695693507389,19.82475799498238
2025-01-29 18:00:00,5.09745850236488,4.861375794834524,16.0,0.05173753094385041,0.7917593289624713,0.20239484376405958,21.004022760781147
2025-05-28 11:00:00,3.998031169056135,3.765724092868522,16.0,0.727227282678015,0.0004569513350989207,0.01822930272226777,19.432224375022496
2025-03-12 11:00:00,4.218401730389271,4.27150709370193,9.0,0.6027274493955947,0.7194936786618036,0.6585275922815099,21.004040626517472
2025-05-27 19:00:00,5.014146532021708,3.8040593686522626,5.0,0.07339991811963598,0.001448196575743756,0.010310068383901673,18.547975769509083
2025-03-11 23:00:00,4.111169701904393,5.304161530237935,34.0,0.6746907620136162,0.2597468552953297,0.41862728498014373,21.004040626491943
2025-05-28 13:00:00,3.8350978603553396,3.780751915315588,16.0,0.7483067637458705,0.0007314743360165819,0.023395879832733966,19.84051752270357
2025-03-27 11:00:00,4.427051176526726,3.9790770639368573,30.0,0.43079959894825287,0.05651060107401747,0.15602802401815974,21.003720477876666
2025-05-13 19:00:00,4.854767266039713,4.1477501423218,7.0,0.13384742900441307,0.3554827026688528,0.21812942444284344,21.004033916846378
2025-03-24 23:00:00,4.349305326751968,5.2540495958218925,6.0,0.4970759348428147,0.2992489206733703,0.385680485628219,21.004040626319025
2025-02-10 08:00:00,3.5262750133766483,4.984858592358195,32.0,0.610795672503427,0.6042571560140435,0.6075176178289861,21.004040626517472
2025-03-11 21:00:00,4.017989361625289,5.262719415552229,20.0,0.7200312889584557,0.292060042287022,0.4585764589478897,21.00404062651535
2025-03-12 13:00:00,3.91703923112037,3.9304420351831793,8.0,0.7463237362362466,0.025469521354527597,0.13787134705028417,21.003049499861277
2025-01-30 14:00:00,4.357411802431948,4.038969645668002,28.0,0.4902025143492523,0.12565769489567177,0.24818887562739292,21.004039593358268
2025-04-29 07:00:00,4.400542838335034,3.345366652485938,14.0,0.4534261547504715,7.563576792019361e-17,5.856213401990441e-09,16.7823501712153
2025-02-03 20:00:00,4.679920585671823,5.299594513690213,35.0,0.23336681857976127,0.2631456588830722,0.24780933242438158,21.004039568661256
2025-05-15 05:00:00,4.9166685733823225,5.159644924636711,18.0,0.10712724928369537,0.3878003262837589,0.2038234094163343,21.004024280741874
2025-05-14 05:00:00,4.487635051910329,5.144282427691297,9.0,0.37968278759779694,0.40406734966075175,0.39168535547866473,21.00404062638091
2025-03-03 09:00:00,5.043579168903702,3.9444728597034766,35.0,0.06505062566792838,0.032537541500802604,0.04600638469085998,20.70676998660487
2025-05-21 07:00:00,4.559206744932931,4.288783405020737,9.0,0.3216367193026295,0.7696889455203039,0.49755424560609546,21.004040626517284
2025-04-01 18:00:00,4.877796892827532,3.751774211294591,5.0,0.12340041119479839,0.0002887421698772286,0.005969162629056805,17.89873560885799
2025-06-19 15:00:00,4.468590158205312,3.296724249929569,8.0,0.3956136519212636,8.752043494533863e-20,1.8607600298389577e-10,16.782348980778945
2025-04-30 09:00:00,4.657396410687111,3.341306825242678,12.0,0.24873218564448432,4.474654649336711e-17,3.336151421823916e-09,16.782349642132314
2025-06-09 16:00:00,3.8675963781358,3.8356565431189003,,0.7496432171989625,0.0033600762932376885,0.05018822972068915,
2025-05-14 21:00:00,4.779284099850592,3.4400746080994002,6.0,0.17242023433907872,2.710752331115404e-12,6.836582129735018e-07,16.78249247286037
2025-04-29 23:00:00,4.097384471248436,5.203215114472104,8.0,0.6825316266134035,0.34453732996647835,0.484930535490455,21.00404062651706
2025-04-28 23:00:00,4.10425046349239,5.2029147613464035,16.0,0.678671932501992,0.34482125824461485,0.4837566637273756,21.00404062651703
2025-06-11 18:00:00,4.406044658437402,3.7279081455479997,,0.4487258287972556,0.00012490476431701873,0.007486520813360509,
2025-02-10 11:00:00,3.544480913455779,4.843997023073704,28.0,0.6239522410928345,0.8192304602318093,0.7149550207063041,21.004040626517472
2025-05-20 23:00:00,4.360736602555107,5.267381634266448,10.0,0.4873782967541128,0.2882567467307861,0.3748200664979561,21.00404062612734
2025-03-25 07:00:00,4.869525211181818,3.892135446612599,25.0,0.12708279105705514,0.012194683719196,0.039366666649507644,20.557875659966456
2025-03-03 10:00:00,4.98400806333895,3.8790697876487554,40.0,0.08279817606559232,0.009257982513819945,0.027686532216791595,20.101493010495
2025-02-05 18:00:00,5.283837526199197,3.8574784075343382,47.0,0.021650598631480906,0.005702753406105936,0.011111616673099836,18.65412812039646
2025-04-30 10:00:00,4.676517338162637,3.291069568512269,20.0,0.23565312466905344,3.716203758925943e-20,9.358071530490566e-11,16.782348961359702
2025-02-18 05:00:00,4.197463513503048,5.247341843474778,21.0,0.6181173732367399,0.3049157089776589,0.43413557455233814,21.00404062650775
2025-04-22 05:00:00,4.574616330475649,5.2263020874285235,8.0,0.3096165963854159,0.3232939337550444,0.31638136386533416,21.004040611696976
2025-04-07 20:00:00,4.903935360593292,3.316274284873456,11.0,0.11227250737472308,1.5053064935867974e-18,4.111016108001065e-10,16.78234902802272
2025-02-09 22:00:00,4.003777505593358,5.321716225032546,25.0,0.7252526394358478,0.24704405421253436,0.4232840091174875,21.004040626498366
2025-03-27 16:00:00,4.66834783797018,4.093114813563874,9.0,0.2411929829639266,0.2236022610678287,0.23223112699297715,21.004037837061166
2025-05-19 05:00:00,4.563674952871834,5.081269399146614,5.0,0.31813153304350356,0.4764221244168236,0.3893133709706961,21.004040626359185
2025-04-01 22:00:00,4.376855114149775,5.206732103746334,8.0,0.47365340300489167,0.34122722196600797,0.4020241720122127,21.004040626445715
2025-05-28 14:00:00,3.7990194317466326,3.6161151542555587,11.0,0.7435708387257188,8.729319788115827e-07,0.0008056592106067118,16.948962775069944
2025-02-06 09:00:00,4.986885688509529,4.311789425959009,87.0,0.0818624806232277,0.8337270441369877,0.26124885453476165,21.0040401682234
2025-04-02 10:00:00,4.462748240027537,3.8264224965671843,10.0,0.40053022877234995,0.0026526565110524805,0.032595538333126416,20.331503240455202
2025-03-06 20:00:00,4.342235564678696,5.231496306244767,19.0,0.5030536651372596,0.31867081497889616,0.40038546607914133,21.00404062643801
2025-06-09 08:00:00,4.102676222952853,3.9647638832211634,34.0,0.679564947912278,0.04536528444653643,0.17558091343291332,21.00394582308304
2025-03-12 14:00:00,3.9988581478989866,3.974197404864282,11.0,0.7269479939572161,0.05250266262106192,0.19536300895971448,21.004012950884682
2025-01-30 13:00:00,4.67537055014815,3.773595215487936,24.0,0.23642639504726434,0.0005864226852181529,0.011774795176140626,18.738903034498286
2025-05-27 21:00:00,4.170418023529867,3.466231775282032,3.0,0.6371178976452295,2.912199986862171e-11,4.307452533867427e-06,16.78325321214925
2025-03-24 19:00:00,5.196192404611114,3.902664208207297,4.0,0.03311448884420699,0.015085886206754153,0.02235087046400065,19.766929333308834
2025-02-04 06:00:00,4.085073542729629,5.28455940494041,46.0,0.6892198918228865,0.2746152580522396,0.43505206406553065,21.00404062650829
2025-06-19 12:00:00,4.397184079095832,3.4643943178553025,23.0,0.4562958120737554,2.480896540990934e-11,3.3645545051944533e-06,16.783055280445225
2025-05-13 23:00:00,4.010280641324635,5.255004506183416,13.0,0.722922723156483,0.29844966523931155,0.46449547330403973,21.004040626516
2025-06-12 09:00:00,4.0537819451505905,3.865845471813676,30.0,0.7048166417208379,0.00691131531215873,0.0697940545332446,20.935661404429844
2025-01-29 20:00:00,4.273352623575779,5.231115520502056,29.0,0.5599975154237558,0.3190078054851087,0.42266248765704967,21.004040626497613
2025-02-09 18:00:00,4.3869542007663895,5.221308552828768,20.0,0.4650342547097087,0.3277921734962428,0.3904287247392292,21.0040406263698
2025-06-09 11:00:00,4.0015585970492005,3.9156653133431725,23.0,0.7260245305707498,0.01940448759008716,0.11869344545323035,21.00077115141208
2025-03-28 07:00:00,4.7510092309751135,3.7510355218659996,,0.1885971064966419,0.0002816341537859652,0.007288030357693586,
2025-02-05 22:00:00,4.455295094791017,5.285939785476408,53.0,0.40682044907986975,0.27354411137167506,0.33359157398138634,21.00404062143991
2025-04-02 09:00:00,4.547789674689858,3.5101977425923847,14.0,0.33066362348709,1.0272642008555894e-09,1.843037989118724e-05,16.78621704401278
2025-02-06 10:00:00,4.980293913518727,4.267833851954369,93.0,0.08401807424810892,0.7086416077471688,0.24400553931212485,21.00403928607988
2025-02-10 16:00:00,4.075093158428125,4.196032243106139,21.0,0.6944172930653429,0.4925129974009039,0.5848158192581951,21.004040626517472
2025-03-02 17:00:00,5.021393265271003,3.333145521081184,15.0,0.07126993546100308,1.5254676887386485e-17,1.0426887537719443e-09,16.78234916062345
2025-05-20 19:00:00,3.4743598531093305,5.159934568349184,21.0,0.5711004272310872,0.38749875252061283,0.4704260867724443,21.004040626516456
2025-06-11 22:00:00,4.62885898646447,5.122453560680599,,0.2689680786005608,0.4281045310456298,0.3393323638492756,
2025-05-18 21:00:00,4.423262112564901,3.846964948725784,5.0,0.4340292529957404,0.004442366340078318,0.043910328444656546,20.666011121194778
2025-06-12 10:00:00,4.088674674812257,3.793622003562028,21.0,0.6872947775272145,0.001073875551121502,0.027167426414733645,20.073169297741842
2025-04-29 19:00:00,4.807370787127641,3.510854305234934,4.0,0.15728485234513978,1.0793265840293356e-09,1.302926407750024e-05,16.785083752068456
2025-04-28 19:00:00,4.976079198539628,3.226253501181155,10.0,0.08541912568067339,6.161740138717843e-25,2.2941893019556806e-13,16.782348941760745
2025-03-07 04:00:00,4.320897480422261,5.282634876177573,43.0,0.5209773800994584,0.27611482400231324,0.37927506853911214,21.004040626221812
2025-06-19 09:00:00,4.5011331494702596,3.593440030370626,23.0,0.3684958807951515,2.4936050452053995e-07,0.0003031308607661379,16.845631911498508
2025-05-18 23:00:00,4.235251176785455,5.213755294252759,8.0,0.5899580068253153,0.33469709052822233,0.4443615964710071,21.004040626512328
2025-06-12 12:00:00,3.950672402707186,3.889076458149731,29.0,0.7404126716597577,0.011446141827439629,0.09205904871684845,20.98689541776785
2025-04-30 15:00:00,4.56277993744905,3.3649592564777793,12.0,0.3188323752833825,8.670993711679099e-16,1.6627066852460538e-08,16.782352432538215
2025-06-11 20:00:00,4.6099461092188605,3.486801290374546,,0.28282975142958033,1.643584873671133e-10,6.818025383304353e-06,
2025-03-02 15:00:00,4.647167173465125,3.3896234493980884,10.0,0.2558890346988678,1.5141583192553795e-14,6.22460047469329e-08,16.78236201014891
2025-03-07 06:00:00,4.543571062877904,5.248585062564947,47.0,0.33402389440496105,0.30385847137176203,0.31858435296720766,21.004040613595944
2025-05-14 19:00:00,4.9556690269462464,3.334140640870518,6.0,0.09245943509145411,1.7419893543798473e-17,1.2691073699308798e-09,16.782349208159683
2025-01-30 08:00:00,4.319546401192106,3.6319671869041805,26.0,0.5221052749868582,1.985226596030387e-06,0.0010180851034327482,16.992050937138988
2025-03-28 05:00:00,4.214387869020496,5.240204629018123,11.0,0.605720357650017,0.3110468237301315,0.4340592048508095,21.004040626507702
2025-04-07 18:00:00,4.884381874235462,3.340161342541483,9.0,0.12052453130263574,3.8538900524390117e-17,2.1551990447800923e-09,16.782349394193233
2025-06-09 13:00:00,3.8330058646007603,3.771702181855148,18.0,0.748125232393948,0.0005526140979837384,0.020332844131558583,19.61233333928751
2025-02-10 14:00:00,4.480564007369541,4.17343482062976,27.0,0.3855789901854422,0.4266194276724443,0.40558043359539964,21.00404062645996
2025-02-05 20:00:00,4.645492845577592,5.289223787312423,54.0,0.2570708829005462,0.27101060303302205,0.26394873554747034,21.004040239113543
2025-03-11 19:00:00,4.413035218898859,5.196487202719529,26.0,0.44275559095809436,0.3509443751978228,0.3941859767091305,21.00404062640059
2025-05-27 23:00:00,4.15517807145458,5.215884119419775,5.0,0.6473437994005979,0.33273865565803484,0.4641080753026385,21.004040626515966
2025-01-29 22:00:00,4.211137769426248,5.270938797647948,29.0,0.608129310079328,0.28538408929226916,0.4165938421639535,21.004040626488496
2025-02-04 04:00:00,4.071705752244204,5.28402612462909,48.0,0.6961345641361089,0.27503006197545465,0.4375590615192538,21.004040626509614
2025-06-19 10:00:00,4.4322746377111155,3.5662501804010938,30.0,0.4263512464581489,4.878031008404063e-08,0.00014421354307742992,16.812545104454493
2025-05-13 21:00:00,4.255648019991058,5.2197781368616845,15.0,0.5740910668195675,0.32918139035986316,0.43471840951222934,21.004040626508093
2025-04-02 12:00:00,4.373291445716278,3.8673368918402766,12.0,0.4766918472649605,0.007147935873746654,0.058372619915400166,20.86530312914353
2025-04-01 20:00:00,4.498795618439777,3.9983920285700427,3.0,0.3704263584351221,0.07463303132138399,0.16627098968657966,21.00387139619786
2025-05-28 16:00:00,4.021180222296365,3.80342042519205,10.0,0.718793691970259,0.00142236738596423,0.03197481359907068,20.30589219355259
2025-03-27 14:00:00,4.372779055530939,3.9562941395374525,19.0,0.47712856035164913,0.03960967960390512,0.137473304337247,21.003024639645268
2025-05-19 07:00:00,4.621266832582853,4.336017093391777,8.0,0.27449064051301636,0.8966420542265762,0.4961046782439767,21.004040626517266
2025-01-30 11:00:00,4.0187433231091685,3.4017576369255345,23.0,0.7197410024002232,5.701502211983022e-14,2.0257356484101648e-07,16.78239147155577
2025-02-03 18:00:00,5.256781067842024,4.1984049510918755,36.0,0.024756981970179868,0.4995629220877466,0.11121002767330253,20.99883202096302
2025-04-21 16:00:00,4.602698551581366,3.815199936579315,4.0,0.2882325183865409,0.0019694310522419736,0.023825492061578902,19.869559073214464
2025-03-06 22:00:00,4.515388598585362,5.262125997764665,23.0,0.3567896681011198,0.2925472597898633,0.32307559444241124,21.004040616747087
2025-05-21 06:00:00,4.52835596838746,4.311571766355366,11.0,0.34624864031153496,0.8331391508214866,0.5370971031035697,21.004040626517458
2025-03-03 08:00:00,5.033054827649147,3.8986024425682615,42.0,0.06794487338056596,0.013910456785527209,0.03074319802750652,20.252260439556927
2025-04-01 19:00:00,4.668257926715006,3.760370529367176,4.0,0.24125435580574303,0.0003841384982325186,0.00962679001179894,18.454225127420656
2025-06-19 14:00:00,4.4759208068947345,3.3594613105619286,12.0,0.3894630455167059,4.441211561277415e-16,1.3151759503728414e-08,16.782351702903266
2025-04-30 08:00:00,4.668101641278118,3.369407003559907,16.0,0.24136105600650715,1.4770819692244838e-15,1.8881474092352867e-08,16.782352905847176
2025-04-29 06:00:00,3.909489666787449,3.899352375456833,19.0,0.7472467720494735,0.014121634684428924,0.10272461211414428,20.995209522795903
2025-05-15 04:00:00,4.4661281371133725,5.222127629465785,21.0,0.39768413820090137,0.3270507127408157,0.36064231704601973,21.004040625574607
2025-02-03 21:00:00,4.516989344579245,5.274818091239247,41.0,0.355482691637325,0.2822798882456735,0.3167737591225878,21.004040612054556
2025-05-14 04:00:00,4.3009727612221225,5.247039201123362,13.0,0.5375092571330544,0.30517355734173474,0.40501063208687177,21.004040626457886
2025-03-12 12:00:00,4.0672675534961975,3.877540435936236,7.0,0.6983481489018648,0.00895653010817639,0.07908714321322272,20.965639407917806
2025-01-30 15:00:00,4.769506922039083,3.604064058739135,21.0,0.17790752819118055,4.538057579885976e-07,0.00028413986112947354,16.84168833100944
2025-05-28 12:00:00,4.185249303748154,3.91175299053022,19.0,0.6268275780309247,0.018011283449528622,0.10625426665266909,20.996950707854857
2025-03-27 10:00:00,4.762370412190366,4.149331928542859,33.0,0.18198394344703828,0.3597211275256032,0.255858299314922,21.004039985520745
2025-05-13 18:00:00,4.645648803926737,4.227345610348776,5.0,0.25696067475065226,0.5867138271495184,0.38828131671492744,21.004040626348683
2025-03-24 22:00:00,4.3616842767148905,5.242163272424557,5.0,0.4865728104251807,0.3093538031565636,0.38797312976236803,21.004040626345414
2025-02-10 09:00:00,3.519936143274201,4.898008431245705,32.0,0.6061137616918869,0.7342869021652702,0.6671292201908671,21.004040626517472
2025-04-22 04:00:00,4.518693172724026,5.223121199412015,7.0,0.3540932905088883,0.32615320615458354,0.339836228170718,21.00404062307511
2025-04-07 21:00:00,4.332608317491342,5.2176403526810615,9.0,0.51116451861434,0.33113029213923834,0.41141470122004575,21.004040626477476
2025-02-09 23:00:00,3.9996170492117313,5.318509944159973,26.0,0.7266902468127985,0.24932181479493382,0.42565212454438106,21.004040626500984
2025-03-25 06:00:00,4.506996216082453,4.610080671394367,27.0,0.36366707513965185,1.1258537774692496,0.6398718233264928,21.004040626517472
2025-03-03 11:00:00,4.948252048600256,3.663913680372898,35.0,0.09512450357659971,9.165046004994666e-06,0.0009337132597761564,16.974979078505406
2025-02-18 04:00:00,4.21380567408732,5.2516744650772464,24.0,0.6061528362182285,0.3012449450744542,0.4273177715158649,21.004040626502608
2025-04-30 11:00:00,4.6643334417066376,3.3089242116868918,14.0,0.2439416711536008,5.274274561847769e-19,3.5869420830842394e-10,16.782349017019865
2025-02-05 19:00:00,4.737260626066725,5.290576031022425,53.0,0.19680215258073797,0.2699734286399268,0.2305023902174115,21.00403752017831
2025-06-11 19:00:00,4.577860128245582,3.6562038430673196,,0.3071112954875751,6.430395048622752e-06,0.0014052924798345085,
2025-02-10 10:00:00,3.4618284850521848,4.944698688537089,34.0,0.5611111712291426,0.6629639698535534,0.6099151495144627,21.004040626517472
2025-05-20 22:00:00,4.521311448797637,5.224587692809811,9.0,0.351961740178477,0.3248323265286245,0.3381250521792758,21.004040622688244
2025-05-14 20:00:00,4.99289596634096,3.338224112161162,7.0,0.07993459265666092,2.9899536059317873e-17,1.545964823508193e-09,16.78234926628547
2025-06-08 17:00:00,4.181040959400789,3.4980639540033183,13.0,0.6297801310711911,4.0410724273367546e-10,1.5953015774317777e-05,16.785697258093172
2025-04-29 22:00:00,4.104253806855361,5.202248325092966,8.0,0.6786700308506866,0.3454519499449437,0.4841981882726997,21.004040626517043
2025-04-28 22:00:00,4.084372481122339,5.197580502895622,18.0,0.6895916240634934,0.3498965015726503,0.49120840462436977,21.00404062651719
2025-05-20 20:00:00,4.743954224616525,3.7683308275468894,15.0,0.19277988996994405,0.0004966786857428765,0.009785175644204254,18.476227643017747
2025-02-06 14:00:00,4.783385905785443,3.73361208089579,52.0,0.1701517560475024,0.00015355730862596977,0.005111560008122476,17.754815210360977
2025-02-10 12:00:00,3.5370490865923143,4.596517725505536,33.0,0.6186351580906052,1.1346921614830427,0.8378308091155593,21.004040626517472
2025-05-28 09:00:00,3.8447441577346764,3.793799447200965,20.0,0.7489946405513838,0.0010794474006303653,0.028434140005093634,20.140841663247294
2025-05-18 18:00:00,4.843654783892398,3.769465285245352,3.0,0.1391070894054649,0.0005149097905855197,0.008463309179908831,18.287494476719893
2025-04-29 20:00:00,4.928586553007047,3.3650149482333305,9.0,0.10247209591599242,8.729432309794243e-16,9.457923794054375e-09,16.782350927388556
2025-04-28 20:00:00,4.96811760124734,3.0709801573679467,10.0,0.08811469557214598,2.5242546202192054e-41,1.4913883713077498e-21,16.782348941712577
2025-03-12 09:00:00,4.627868516965233,4.302976807221347,11.0,0.2696853126872665,0.8096346378951109,0.4672756900194838,21.004040626516236
2025-06-09 15:00:00,3.77104959573385,3.6758398925425517,,0.7375835000315152,1.5577606721386378e-05,0.003389658638812266,
2025-05-14 22:00:00,4.11819268419063,5.195951866179487,10.0,0.6705578531851168,0.3514584212686291,0.48546184654380653,21.004040626517074
2025-02-09 21:00:00,4.003310436302962,5.314883402480222,24.0,0.7254160983933107,0.2519207914522222,0.4274896462365211,21.004040626502768
2025-04-07 23:00:00,4.1202522754667665,5.223726269432258,11.0,0.6693285203726013,0.3256076634950359,0.4668388326061921,21.004040626516204
2025-04-22 06:00:00,4.657711441019337,4.839645149654707,14.0,0.24851352470960783,0.8261123330550075,0.45310052713893123,21.004040626514488
2025-06-12 14:00:00,3.7922008279503925,3.842268418127106,22.0,0.7422957338418618,0.003961307324185519,0.05422602260150962,20.82480007690098
2025-02-18 06:00:00,4.197214474439874,5.259518651875314,29.0,0.6182970063165445,0.29469638179246754,0.42686050488959515,21.004040626502178
2025-04-30 13:00:00,4.476423072565966,3.372639138965057,25.0,0.38904244660324394,2.164963013320843e-15,2.902175920766817e-08,16.782355034782302
2025-03-03 13:00:00,4.812784662449093,3.7411615493547385,33.0,0.15447443668565067,0.0002006009648982829,0.005566661571468149,17.831856177478137
2025-03-25 04:00:00,4.48354989358959,5.277174265919595,21.0,0.3830863660759676,0.28040897316619395,0.32775120830491344,21.004040619214063
2025-05-27 18:00:00,4.998938521006608,4.221655254395604,6.0,0.07803208431907442,0.5694687558971027,0.2108004600973184,21.00403003862131
2025-03-12 10:00:00,4.076632133819252,3.87891484139285,12.0,0.6936292137385253,0.009227060795954815,0.08000099327518195,20.967759002504582
2025-03-11 22:00:00,4.136548416096188,5.293933706679254,23.0,0.6593324915923332,0.26741325266366495,0.4198978996893701,21.004040626493882
2025-03-24 20:00:00,4.446980400439413,5.230376304378622,3.0,0.4138586318097116,0.31966287172477054,0.363724124484996,21.004040625739176
2025-04-02 14:00:00,4.053820617827939,3.756290008327672,14.0,0.70479865369785,0.000335809757515811,0.015384351302402875,19.15454735042626
2025-03-27 12:00:00,4.322155693147677,3.879309765335376,23.0,0.5199261887898731,0.00930604396297503,0.06955901070587918,20.934657036490854
2025-01-29 19:00:00,4.540917462294447,5.244681610255915,28.0,0.33614423060680765,0.3071886527620911,0.32134046326887455,21.00404061563284
2025-05-28 10:00:00,3.9157467944757887,3.7838748661673938,14.0,0.7464923308488528,0.000804169376269282,0.024501148383055935,19.913853816323662
2025-06-18 16:00:00,4.229848875174412,3.919111054536054,19.0,0.5940872850422791,0.02070238480852436,0.110900962957031,20.998730881375437
2025-05-21 04:00:00,4.194840413149024,5.239600232851002,9.0,0.6200052346779076,0.31157086023356223,0.4395174220868922,21.004040626510513
2025-03-06 19:00:00,4.774666823617187,5.118956429769411,26.0,0.1749975554322976,0.43205662421017976,0.2749706403329496,21.004040431428827
2025-05-15 06:00:00,4.418703052982489,3.4904187851230106,23.0,0.43791790505587574,2.2021607074438155e-10,9.820211828673357e-06,16.784410303052788
2025-02-03 23:00:00,4.57239946887476,5.290735039646553,35.0,0.3113338501132514,0.26985169954108995,0.28985163200805314,21.00404054925202
2025-05-14 06:00:00,4.646956616676257,4.341253346202977,6.0,0.2560374993330132,0.9095262755674621,0.4825689931750298,21.004040626516996
2025-04-29 04:00:00,4.111269965782961,5.219301304008266,10.0,0.6746324062177994,0.3296152486144245,0.4715603124721453,21.004040626516527
